Order_Priority,Ord_id
LOW,Ord_1
HIGH,Ord_2
HIGH,Ord_3
NOT SPECIFIED,Ord_4
HIGH,Ord_5
HIGH,Ord_6
LOW,Ord_7
MEDIUM,Ord_8
NOT SPECIFIED,Ord_9
NOT SPECIFIED,Ord_10
MEDIUM,Ord_11
NOT SPECIFIED,Ord_12
CRITICAL,Ord_13
LOW,Ord_14
NOT SPECIFIED,Ord_15
LOW,Ord_16
HIGH,Ord_17
HIGH,Ord_18
HIGH,Ord_19
LOW,Ord_20
NOT SPECIFIED,Ord_21
NOT SPECIFIED,Ord_22
HIGH,Ord_23
LOW,Ord_24
CRITICAL,Ord_25
HIGH,Ord_26
NOT SPECIFIED,Ord_27
CRITICAL,Ord_28
HIGH,Ord_29
MEDIUM,Ord_30
NOT SPECIFIED,Ord_31
MEDIUM,Ord_32
HIGH,Ord_33
NOT SPECIFIED,Ord_34
CRITICAL,Ord_35
LOW,Ord_36
CRITICAL,Ord_37
NOT SPECIFIED,Ord_38
NOT SPECIFIED,Ord_39
HIGH,Ord_40
LOW,Ord_41
HIGH,Ord_42
MEDIUM,Ord_43
LOW,Ord_44
CRITICAL,Ord_45
LOW,Ord_46
LOW,Ord_47
NOT SPECIFIED,Ord_48
NOT SPECIFIED,Ord_49
LOW,Ord_50
MEDIUM,Ord_51
MEDIUM,Ord_52
HIGH,Ord_53
CRITICAL,Ord_54
LOW,Ord_55
HIGH,Ord_56
MEDIUM,Ord_57
NOT SPECIFIED,Ord_58
NOT SPECIFIED,Ord_59
MEDIUM,Ord_60
HIGH,Ord_61
LOW,Ord_62
CRITICAL,Ord_63
NOT SPECIFIED,Ord_64
LOW,Ord_65
NOT SPECIFIED,Ord_66
NOT SPECIFIED,Ord_67
MEDIUM,Ord_68
HIGH,Ord_69
MEDIUM,Ord_70
LOW,Ord_71
HIGH,Ord_72
HIGH,Ord_73
CRITICAL,Ord_74
CRITICAL,Ord_75
MEDIUM,Ord_76
LOW,Ord_77
MEDIUM,Ord_78
CRITICAL,Ord_79
CRITICAL,Ord_80
LOW,Ord_81
LOW,Ord_82
CRITICAL,Ord_83
CRITICAL,Ord_84
HIGH,Ord_85
NOT SPECIFIED,Ord_86
LOW,Ord_87
LOW,Ord_88
NOT SPECIFIED,Ord_89
HIGH,Ord_90
CRITICAL,Ord_91
LOW,Ord_92
NOT SPECIFIED,Ord_93
NOT SPECIFIED,Ord_94
HIGH,Ord_95
CRITICAL,Ord_96
CRITICAL,Ord_97
HIGH,Ord_98
LOW,Ord_99
HIGH,Ord_100
NOT SPECIFIED,Ord_101
MEDIUM,Ord_102
NOT SPECIFIED,Ord_103
NOT SPECIFIED,Ord_104
NOT SPECIFIED,Ord_105
HIGH,Ord_106
MEDIUM,Ord_107
CRITICAL,Ord_108
NOT SPECIFIED,Ord_109
HIGH,Ord_110
NOT SPECIFIED,Ord_111
LOW,Ord_112
HIGH,Ord_113
NOT SPECIFIED,Ord_114
CRITICAL,Ord_115
NOT SPECIFIED,Ord_116
NOT SPECIFIED,Ord_117
LOW,Ord_118
CRITICAL,Ord_119
LOW,Ord_120
HIGH,Ord_121
MEDIUM,Ord_122
NOT SPECIFIED,Ord_123
MEDIUM,Ord_124
LOW,Ord_125
MEDIUM,Ord_126
MEDIUM,Ord_127
LOW,Ord_128
NOT SPECIFIED,Ord_129
LOW,Ord_130
LOW,Ord_131
HIGH,Ord_132
LOW,Ord_133
HIGH,Ord_134
HIGH,Ord_135
CRITICAL,Ord_136
CRITICAL,Ord_137
CRITICAL,Ord_138
CRITICAL,Ord_139
LOW,Ord_140
HIGH,Ord_141
HIGH,Ord_142
HIGH,Ord_143
NOT SPECIFIED,Ord_144
CRITICAL,Ord_145
CRITICAL,Ord_146
LOW,Ord_147
MEDIUM,Ord_148
CRITICAL,Ord_149
LOW,Ord_150
NOT SPECIFIED,Ord_151
LOW,Ord_152
HIGH,Ord_153
HIGH,Ord_154
NOT SPECIFIED,Ord_155
CRITICAL,Ord_156
NOT SPECIFIED,Ord_157
LOW,Ord_158
NOT SPECIFIED,Ord_159
MEDIUM,Ord_160
MEDIUM,Ord_161
CRITICAL,Ord_162
NOT SPECIFIED,Ord_163
CRITICAL,Ord_164
HIGH,Ord_165
LOW,Ord_166
LOW,Ord_167
MEDIUM,Ord_168
CRITICAL,Ord_169
CRITICAL,Ord_170
CRITICAL,Ord_171
CRITICAL,Ord_172
CRITICAL,Ord_173
NOT SPECIFIED,Ord_174
CRITICAL,Ord_175
NOT SPECIFIED,Ord_176
HIGH,Ord_177
HIGH,Ord_178
CRITICAL,Ord_179
HIGH,Ord_180
HIGH,Ord_181
MEDIUM,Ord_182
NOT SPECIFIED,Ord_183
HIGH,Ord_184
CRITICAL,Ord_185
HIGH,Ord_186
CRITICAL,Ord_187
MEDIUM,Ord_188
LOW,Ord_189
NOT SPECIFIED,Ord_190
NOT SPECIFIED,Ord_191
LOW,Ord_192
MEDIUM,Ord_193
NOT SPECIFIED,Ord_194
CRITICAL,Ord_195
CRITICAL,Ord_196
LOW,Ord_197
CRITICAL,Ord_198
CRITICAL,Ord_199
MEDIUM,Ord_200
LOW,Ord_201
HIGH,Ord_202
CRITICAL,Ord_203
CRITICAL,Ord_204
MEDIUM,Ord_205
MEDIUM,Ord_206
LOW,Ord_207
HIGH,Ord_208
MEDIUM,Ord_209
NOT SPECIFIED,Ord_210
NOT SPECIFIED,Ord_211
NOT SPECIFIED,Ord_212
CRITICAL,Ord_213
NOT SPECIFIED,Ord_214
HIGH,Ord_215
HIGH,Ord_216
CRITICAL,Ord_217
NOT SPECIFIED,Ord_218
MEDIUM,Ord_219
NOT SPECIFIED,Ord_220
CRITICAL,Ord_221
LOW,Ord_222
LOW,Ord_223
NOT SPECIFIED,Ord_224
HIGH,Ord_225
MEDIUM,Ord_226
MEDIUM,Ord_227
HIGH,Ord_228
MEDIUM,Ord_229
MEDIUM,Ord_230
NOT SPECIFIED,Ord_231
MEDIUM,Ord_232
HIGH,Ord_233
HIGH,Ord_234
CRITICAL,Ord_235
HIGH,Ord_236
LOW,Ord_237
NOT SPECIFIED,Ord_238
LOW,Ord_239
LOW,Ord_240
CRITICAL,Ord_241
CRITICAL,Ord_242
MEDIUM,Ord_243
LOW,Ord_244
LOW,Ord_245
MEDIUM,Ord_246
HIGH,Ord_247
NOT SPECIFIED,Ord_248
NOT SPECIFIED,Ord_249
HIGH,Ord_250
LOW,Ord_251
LOW,Ord_252
NOT SPECIFIED,Ord_253
CRITICAL,Ord_254
CRITICAL,Ord_255
NOT SPECIFIED,Ord_256
NOT SPECIFIED,Ord_257
CRITICAL,Ord_258
MEDIUM,Ord_259
NOT SPECIFIED,Ord_260
HIGH,Ord_261
MEDIUM,Ord_262
NOT SPECIFIED,Ord_263
NOT SPECIFIED,Ord_264
HIGH,Ord_265
NOT SPECIFIED,Ord_266
NOT SPECIFIED,Ord_267
CRITICAL,Ord_268
NOT SPECIFIED,Ord_269
CRITICAL,Ord_270
HIGH,Ord_271
MEDIUM,Ord_272
CRITICAL,Ord_273
LOW,Ord_274
CRITICAL,Ord_275
CRITICAL,Ord_276
HIGH,Ord_277
LOW,Ord_278
MEDIUM,Ord_279
CRITICAL,Ord_280
MEDIUM,Ord_281
HIGH,Ord_282
MEDIUM,Ord_283
CRITICAL,Ord_284
MEDIUM,Ord_285
LOW,Ord_286
HIGH,Ord_287
CRITICAL,Ord_288
HIGH,Ord_289
NOT SPECIFIED,Ord_290
HIGH,Ord_291
CRITICAL,Ord_292
NOT SPECIFIED,Ord_293
CRITICAL,Ord_294
HIGH,Ord_295
LOW,Ord_296
NOT SPECIFIED,Ord_297
NOT SPECIFIED,Ord_298
NOT SPECIFIED,Ord_299
HIGH,Ord_300
HIGH,Ord_301
MEDIUM,Ord_302
HIGH,Ord_303
CRITICAL,Ord_304
NOT SPECIFIED,Ord_305
MEDIUM,Ord_306
CRITICAL,Ord_307
NOT SPECIFIED,Ord_308
HIGH,Ord_309
NOT SPECIFIED,Ord_310
NOT SPECIFIED,Ord_311
MEDIUM,Ord_312
MEDIUM,Ord_313
HIGH,Ord_314
CRITICAL,Ord_315
HIGH,Ord_316
CRITICAL,Ord_317
CRITICAL,Ord_318
CRITICAL,Ord_319
CRITICAL,Ord_320
LOW,Ord_321
HIGH,Ord_322
LOW,Ord_323
CRITICAL,Ord_324
CRITICAL,Ord_325
LOW,Ord_326
CRITICAL,Ord_327
MEDIUM,Ord_328
HIGH,Ord_329
HIGH,Ord_330
HIGH,Ord_331
NOT SPECIFIED,Ord_332
CRITICAL,Ord_333
NOT SPECIFIED,Ord_334
MEDIUM,Ord_335
CRITICAL,Ord_336
LOW,Ord_337
CRITICAL,Ord_338
NOT SPECIFIED,Ord_339
HIGH,Ord_340
CRITICAL,Ord_341
HIGH,Ord_342
MEDIUM,Ord_343
MEDIUM,Ord_344
MEDIUM,Ord_345
LOW,Ord_346
LOW,Ord_347
HIGH,Ord_348
LOW,Ord_349
LOW,Ord_350
CRITICAL,Ord_351
LOW,Ord_352
CRITICAL,Ord_353
LOW,Ord_354
LOW,Ord_355
MEDIUM,Ord_356
NOT SPECIFIED,Ord_357
MEDIUM,Ord_358
MEDIUM,Ord_359
HIGH,Ord_360
HIGH,Ord_361
LOW,Ord_362
LOW,Ord_363
LOW,Ord_364
HIGH,Ord_365
LOW,Ord_366
NOT SPECIFIED,Ord_367
LOW,Ord_368
NOT SPECIFIED,Ord_369
LOW,Ord_370
LOW,Ord_371
HIGH,Ord_372
LOW,Ord_373
MEDIUM,Ord_374
MEDIUM,Ord_375
NOT SPECIFIED,Ord_376
NOT SPECIFIED,Ord_377
LOW,Ord_378
LOW,Ord_379
HIGH,Ord_380
NOT SPECIFIED,Ord_381
LOW,Ord_382
NOT SPECIFIED,Ord_383
CRITICAL,Ord_384
NOT SPECIFIED,Ord_385
MEDIUM,Ord_386
LOW,Ord_387
CRITICAL,Ord_388
NOT SPECIFIED,Ord_389
MEDIUM,Ord_390
HIGH,Ord_391
NOT SPECIFIED,Ord_392
LOW,Ord_393
CRITICAL,Ord_394
HIGH,Ord_395
CRITICAL,Ord_396
CRITICAL,Ord_397
NOT SPECIFIED,Ord_398
LOW,Ord_399
HIGH,Ord_400
LOW,Ord_401
CRITICAL,Ord_402
CRITICAL,Ord_403
LOW,Ord_404
HIGH,Ord_405
HIGH,Ord_406
MEDIUM,Ord_407
LOW,Ord_408
HIGH,Ord_409
HIGH,Ord_410
CRITICAL,Ord_411
MEDIUM,Ord_412
CRITICAL,Ord_413
HIGH,Ord_414
HIGH,Ord_415
HIGH,Ord_416
LOW,Ord_417
CRITICAL,Ord_418
MEDIUM,Ord_419
MEDIUM,Ord_420
NOT SPECIFIED,Ord_421
LOW,Ord_422
LOW,Ord_423
HIGH,Ord_424
HIGH,Ord_425
HIGH,Ord_426
MEDIUM,Ord_427
MEDIUM,Ord_428
CRITICAL,Ord_429
MEDIUM,Ord_430
MEDIUM,Ord_431
LOW,Ord_432
HIGH,Ord_433
CRITICAL,Ord_434
HIGH,Ord_435
MEDIUM,Ord_436
CRITICAL,Ord_437
NOT SPECIFIED,Ord_438
HIGH,Ord_439
NOT SPECIFIED,Ord_440
NOT SPECIFIED,Ord_441
LOW,Ord_442
LOW,Ord_443
CRITICAL,Ord_444
HIGH,Ord_445
CRITICAL,Ord_446
HIGH,Ord_447
LOW,Ord_448
NOT SPECIFIED,Ord_449
HIGH,Ord_450
MEDIUM,Ord_451
CRITICAL,Ord_452
MEDIUM,Ord_453
MEDIUM,Ord_454
HIGH,Ord_455
HIGH,Ord_456
LOW,Ord_457
NOT SPECIFIED,Ord_458
HIGH,Ord_459
HIGH,Ord_460
NOT SPECIFIED,Ord_461
NOT SPECIFIED,Ord_462
HIGH,Ord_463
HIGH,Ord_464
CRITICAL,Ord_465
NOT SPECIFIED,Ord_466
NOT SPECIFIED,Ord_467
NOT SPECIFIED,Ord_468
LOW,Ord_469
CRITICAL,Ord_470
CRITICAL,Ord_471
HIGH,Ord_472
HIGH,Ord_473
NOT SPECIFIED,Ord_474
LOW,Ord_475
HIGH,Ord_476
CRITICAL,Ord_477
MEDIUM,Ord_478
HIGH,Ord_479
MEDIUM,Ord_480
HIGH,Ord_481
MEDIUM,Ord_482
LOW,Ord_483
NOT SPECIFIED,Ord_484
CRITICAL,Ord_485
CRITICAL,Ord_486
CRITICAL,Ord_487
CRITICAL,Ord_488
HIGH,Ord_489
CRITICAL,Ord_490
LOW,Ord_491
NOT SPECIFIED,Ord_492
LOW,Ord_493
HIGH,Ord_494
MEDIUM,Ord_495
LOW,Ord_496
NOT SPECIFIED,Ord_497
MEDIUM,Ord_498
NOT SPECIFIED,Ord_499
HIGH,Ord_500
MEDIUM,Ord_501
MEDIUM,Ord_502
CRITICAL,Ord_503
MEDIUM,Ord_504
LOW,Ord_505
LOW,Ord_506
HIGH,Ord_507
NOT SPECIFIED,Ord_508
MEDIUM,Ord_509
NOT SPECIFIED,Ord_510
HIGH,Ord_511
HIGH,Ord_512
CRITICAL,Ord_513
LOW,Ord_514
NOT SPECIFIED,Ord_515
CRITICAL,Ord_516
LOW,Ord_517
CRITICAL,Ord_518
LOW,Ord_519
LOW,Ord_520
LOW,Ord_521
MEDIUM,Ord_522
LOW,Ord_523
LOW,Ord_524
LOW,Ord_525
LOW,Ord_526
NOT SPECIFIED,Ord_527
HIGH,Ord_528
CRITICAL,Ord_529
HIGH,Ord_530
CRITICAL,Ord_531
NOT SPECIFIED,Ord_532
NOT SPECIFIED,Ord_533
CRITICAL,Ord_534
CRITICAL,Ord_535
HIGH,Ord_536
CRITICAL,Ord_537
HIGH,Ord_538
NOT SPECIFIED,Ord_539
NOT SPECIFIED,Ord_540
MEDIUM,Ord_541
LOW,Ord_542
NOT SPECIFIED,Ord_543
MEDIUM,Ord_544
CRITICAL,Ord_545
MEDIUM,Ord_546
NOT SPECIFIED,Ord_547
LOW,Ord_548
HIGH,Ord_549
LOW,Ord_550
LOW,Ord_551
MEDIUM,Ord_552
NOT SPECIFIED,Ord_553
LOW,Ord_554
NOT SPECIFIED,Ord_555
NOT SPECIFIED,Ord_556
CRITICAL,Ord_557
MEDIUM,Ord_558
LOW,Ord_559
MEDIUM,Ord_560
MEDIUM,Ord_561
CRITICAL,Ord_562
CRITICAL,Ord_563
NOT SPECIFIED,Ord_564
NOT SPECIFIED,Ord_565
HIGH,Ord_566
LOW,Ord_567
MEDIUM,Ord_568
LOW,Ord_569
MEDIUM,Ord_570
LOW,Ord_571
HIGH,Ord_572
MEDIUM,Ord_573
CRITICAL,Ord_574
NOT SPECIFIED,Ord_575
LOW,Ord_576
MEDIUM,Ord_577
HIGH,Ord_578
NOT SPECIFIED,Ord_579
CRITICAL,Ord_580
NOT SPECIFIED,Ord_581
HIGH,Ord_582
MEDIUM,Ord_583
HIGH,Ord_584
MEDIUM,Ord_585
LOW,Ord_586
HIGH,Ord_587
MEDIUM,Ord_588
MEDIUM,Ord_589
NOT SPECIFIED,Ord_590
MEDIUM,Ord_591
LOW,Ord_592
MEDIUM,Ord_593
MEDIUM,Ord_594
LOW,Ord_595
NOT SPECIFIED,Ord_596
NOT SPECIFIED,Ord_597
CRITICAL,Ord_598
CRITICAL,Ord_599
HIGH,Ord_600
MEDIUM,Ord_601
LOW,Ord_602
MEDIUM,Ord_603
MEDIUM,Ord_604
NOT SPECIFIED,Ord_605
CRITICAL,Ord_606
LOW,Ord_607
NOT SPECIFIED,Ord_608
NOT SPECIFIED,Ord_609
CRITICAL,Ord_610
MEDIUM,Ord_611
MEDIUM,Ord_612
MEDIUM,Ord_613
MEDIUM,Ord_614
LOW,Ord_615
CRITICAL,Ord_616
HIGH,Ord_617
MEDIUM,Ord_618
HIGH,Ord_619
NOT SPECIFIED,Ord_620
LOW,Ord_621
MEDIUM,Ord_622
LOW,Ord_623
LOW,Ord_624
HIGH,Ord_625
HIGH,Ord_626
MEDIUM,Ord_627
CRITICAL,Ord_628
LOW,Ord_629
NOT SPECIFIED,Ord_630
HIGH,Ord_631
MEDIUM,Ord_632
MEDIUM,Ord_633
CRITICAL,Ord_634
CRITICAL,Ord_635
MEDIUM,Ord_636
HIGH,Ord_637
LOW,Ord_638
CRITICAL,Ord_639
LOW,Ord_640
NOT SPECIFIED,Ord_641
NOT SPECIFIED,Ord_642
CRITICAL,Ord_643
CRITICAL,Ord_644
NOT SPECIFIED,Ord_645
MEDIUM,Ord_646
HIGH,Ord_647
LOW,Ord_648
CRITICAL,Ord_649
MEDIUM,Ord_650
CRITICAL,Ord_651
HIGH,Ord_652
LOW,Ord_653
CRITICAL,Ord_654
MEDIUM,Ord_655
LOW,Ord_656
NOT SPECIFIED,Ord_657
HIGH,Ord_658
HIGH,Ord_659
HIGH,Ord_660
NOT SPECIFIED,Ord_661
MEDIUM,Ord_662
MEDIUM,Ord_663
CRITICAL,Ord_664
NOT SPECIFIED,Ord_665
MEDIUM,Ord_666
CRITICAL,Ord_667
LOW,Ord_668
HIGH,Ord_669
LOW,Ord_670
NOT SPECIFIED,Ord_671
HIGH,Ord_672
LOW,Ord_673
CRITICAL,Ord_674
NOT SPECIFIED,Ord_675
CRITICAL,Ord_676
NOT SPECIFIED,Ord_677
LOW,Ord_678
HIGH,Ord_679
MEDIUM,Ord_680
CRITICAL,Ord_681
HIGH,Ord_682
CRITICAL,Ord_683
LOW,Ord_684
NOT SPECIFIED,Ord_685
MEDIUM,Ord_686
NOT SPECIFIED,Ord_687
CRITICAL,Ord_688
MEDIUM,Ord_689
CRITICAL,Ord_690
MEDIUM,Ord_691
HIGH,Ord_692
MEDIUM,Ord_693
CRITICAL,Ord_694
MEDIUM,Ord_695
CRITICAL,Ord_696
LOW,Ord_697
MEDIUM,Ord_698
NOT SPECIFIED,Ord_699
CRITICAL,Ord_700
NOT SPECIFIED,Ord_701
MEDIUM,Ord_702
CRITICAL,Ord_703
CRITICAL,Ord_704
MEDIUM,Ord_705
NOT SPECIFIED,Ord_706
MEDIUM,Ord_707
CRITICAL,Ord_708
CRITICAL,Ord_709
LOW,Ord_710
HIGH,Ord_711
CRITICAL,Ord_712
LOW,Ord_713
CRITICAL,Ord_714
CRITICAL,Ord_715
MEDIUM,Ord_716
HIGH,Ord_717
MEDIUM,Ord_718
LOW,Ord_719
LOW,Ord_720
HIGH,Ord_721
MEDIUM,Ord_722
LOW,Ord_723
MEDIUM,Ord_724
NOT SPECIFIED,Ord_725
HIGH,Ord_726
NOT SPECIFIED,Ord_727
CRITICAL,Ord_728
NOT SPECIFIED,Ord_729
MEDIUM,Ord_730
CRITICAL,Ord_731
HIGH,Ord_732
HIGH,Ord_733
MEDIUM,Ord_734
NOT SPECIFIED,Ord_735
LOW,Ord_736
MEDIUM,Ord_737
MEDIUM,Ord_738
NOT SPECIFIED,Ord_739
HIGH,Ord_740
CRITICAL,Ord_741
NOT SPECIFIED,Ord_742
MEDIUM,Ord_743
HIGH,Ord_744
CRITICAL,Ord_745
NOT SPECIFIED,Ord_746
LOW,Ord_747
MEDIUM,Ord_748
CRITICAL,Ord_749
CRITICAL,Ord_750
LOW,Ord_751
HIGH,Ord_752
LOW,Ord_753
NOT SPECIFIED,Ord_754
NOT SPECIFIED,Ord_755
LOW,Ord_756
NOT SPECIFIED,Ord_757
MEDIUM,Ord_758
CRITICAL,Ord_759
HIGH,Ord_760
HIGH,Ord_761
CRITICAL,Ord_762
MEDIUM,Ord_763
CRITICAL,Ord_764
HIGH,Ord_765
NOT SPECIFIED,Ord_766
LOW,Ord_767
HIGH,Ord_768
LOW,Ord_769
CRITICAL,Ord_770
LOW,Ord_771
LOW,Ord_772
MEDIUM,Ord_773
LOW,Ord_774
MEDIUM,Ord_775
HIGH,Ord_776
MEDIUM,Ord_777
LOW,Ord_778
LOW,Ord_779
HIGH,Ord_780
CRITICAL,Ord_781
HIGH,Ord_782
LOW,Ord_783
HIGH,Ord_784
HIGH,Ord_785
NOT SPECIFIED,Ord_786
CRITICAL,Ord_787
CRITICAL,Ord_788
NOT SPECIFIED,Ord_789
MEDIUM,Ord_790
MEDIUM,Ord_791
LOW,Ord_792
LOW,Ord_793
HIGH,Ord_794
MEDIUM,Ord_795
NOT SPECIFIED,Ord_796
MEDIUM,Ord_797
CRITICAL,Ord_798
LOW,Ord_799
CRITICAL,Ord_800
NOT SPECIFIED,Ord_801
LOW,Ord_802
LOW,Ord_803
MEDIUM,Ord_804
MEDIUM,Ord_805
NOT SPECIFIED,Ord_806
MEDIUM,Ord_807
LOW,Ord_808
MEDIUM,Ord_809
NOT SPECIFIED,Ord_810
NOT SPECIFIED,Ord_811
LOW,Ord_812
NOT SPECIFIED,Ord_813
CRITICAL,Ord_814
NOT SPECIFIED,Ord_815
LOW,Ord_816
NOT SPECIFIED,Ord_817
NOT SPECIFIED,Ord_818
NOT SPECIFIED,Ord_819
MEDIUM,Ord_820
MEDIUM,Ord_821
NOT SPECIFIED,Ord_822
CRITICAL,Ord_823
LOW,Ord_824
CRITICAL,Ord_825
NOT SPECIFIED,Ord_826
NOT SPECIFIED,Ord_827
CRITICAL,Ord_828
NOT SPECIFIED,Ord_829
LOW,Ord_830
MEDIUM,Ord_831
HIGH,Ord_832
CRITICAL,Ord_833
LOW,Ord_834
CRITICAL,Ord_835
NOT SPECIFIED,Ord_836
LOW,Ord_837
LOW,Ord_838
CRITICAL,Ord_839
NOT SPECIFIED,Ord_840
NOT SPECIFIED,Ord_841
NOT SPECIFIED,Ord_842
MEDIUM,Ord_843
HIGH,Ord_844
HIGH,Ord_845
CRITICAL,Ord_846
MEDIUM,Ord_847
HIGH,Ord_848
MEDIUM,Ord_849
NOT SPECIFIED,Ord_850
CRITICAL,Ord_851
MEDIUM,Ord_852
CRITICAL,Ord_853
CRITICAL,Ord_854
LOW,Ord_855
CRITICAL,Ord_856
CRITICAL,Ord_857
NOT SPECIFIED,Ord_858
HIGH,Ord_859
CRITICAL,Ord_860
HIGH,Ord_861
CRITICAL,Ord_862
CRITICAL,Ord_863
MEDIUM,Ord_864
CRITICAL,Ord_865
CRITICAL,Ord_866
LOW,Ord_867
CRITICAL,Ord_868
NOT SPECIFIED,Ord_869
MEDIUM,Ord_870
HIGH,Ord_871
CRITICAL,Ord_872
LOW,Ord_873
MEDIUM,Ord_874
LOW,Ord_875
CRITICAL,Ord_876
CRITICAL,Ord_877
CRITICAL,Ord_878
CRITICAL,Ord_879
HIGH,Ord_880
CRITICAL,Ord_881
NOT SPECIFIED,Ord_882
CRITICAL,Ord_883
NOT SPECIFIED,Ord_884
HIGH,Ord_885
MEDIUM,Ord_886
HIGH,Ord_887
CRITICAL,Ord_888
LOW,Ord_889
CRITICAL,Ord_890
CRITICAL,Ord_891
HIGH,Ord_892
LOW,Ord_893
NOT SPECIFIED,Ord_894
LOW,Ord_895
LOW,Ord_896
LOW,Ord_897
CRITICAL,Ord_898
CRITICAL,Ord_899
CRITICAL,Ord_900
LOW,Ord_901
NOT SPECIFIED,Ord_902
HIGH,Ord_903
CRITICAL,Ord_904
HIGH,Ord_905
NOT SPECIFIED,Ord_906
NOT SPECIFIED,Ord_907
NOT SPECIFIED,Ord_908
MEDIUM,Ord_909
CRITICAL,Ord_910
LOW,Ord_911
HIGH,Ord_912
LOW,Ord_913
MEDIUM,Ord_914
HIGH,Ord_915
CRITICAL,Ord_916
HIGH,Ord_917
LOW,Ord_918
HIGH,Ord_919
HIGH,Ord_920
NOT SPECIFIED,Ord_921
CRITICAL,Ord_922
LOW,Ord_923
CRITICAL,Ord_924
CRITICAL,Ord_925
HIGH,Ord_926
HIGH,Ord_927
HIGH,Ord_928
CRITICAL,Ord_929
MEDIUM,Ord_930
MEDIUM,Ord_931
LOW,Ord_932
NOT SPECIFIED,Ord_933
NOT SPECIFIED,Ord_934
LOW,Ord_935
NOT SPECIFIED,Ord_936
MEDIUM,Ord_937
HIGH,Ord_938
CRITICAL,Ord_939
CRITICAL,Ord_940
MEDIUM,Ord_941
HIGH,Ord_942
HIGH,Ord_943
CRITICAL,Ord_944
LOW,Ord_945
CRITICAL,Ord_946
HIGH,Ord_947
NOT SPECIFIED,Ord_948
LOW,Ord_949
CRITICAL,Ord_950
CRITICAL,Ord_951
LOW,Ord_952
NOT SPECIFIED,Ord_953
NOT SPECIFIED,Ord_954
LOW,Ord_955
NOT SPECIFIED,Ord_956
LOW,Ord_957
MEDIUM,Ord_958
NOT SPECIFIED,Ord_959
CRITICAL,Ord_960
LOW,Ord_961
LOW,Ord_962
HIGH,Ord_963
CRITICAL,Ord_964
HIGH,Ord_965
NOT SPECIFIED,Ord_966
LOW,Ord_967
MEDIUM,Ord_968
CRITICAL,Ord_969
LOW,Ord_970
CRITICAL,Ord_971
CRITICAL,Ord_972
MEDIUM,Ord_973
HIGH,Ord_974
CRITICAL,Ord_975
NOT SPECIFIED,Ord_976
LOW,Ord_977
MEDIUM,Ord_978
MEDIUM,Ord_979
CRITICAL,Ord_980
HIGH,Ord_981
MEDIUM,Ord_982
HIGH,Ord_983
MEDIUM,Ord_984
LOW,Ord_985
CRITICAL,Ord_986
MEDIUM,Ord_987
LOW,Ord_988
LOW,Ord_989
MEDIUM,Ord_990
CRITICAL,Ord_991
CRITICAL,Ord_992
NOT SPECIFIED,Ord_993
CRITICAL,Ord_994
CRITICAL,Ord_995
MEDIUM,Ord_996
NOT SPECIFIED,Ord_997
LOW,Ord_998
LOW,Ord_999
HIGH,Ord_1000
MEDIUM,Ord_1001
LOW,Ord_1002
CRITICAL,Ord_1003
NOT SPECIFIED,Ord_1004
HIGH,Ord_1005
NOT SPECIFIED,Ord_1006
HIGH,Ord_1007
LOW,Ord_1008
NOT SPECIFIED,Ord_1009
HIGH,Ord_1010
MEDIUM,Ord_1011
CRITICAL,Ord_1012
LOW,Ord_1013
CRITICAL,Ord_1014
CRITICAL,Ord_1015
LOW,Ord_1016
NOT SPECIFIED,Ord_1017
MEDIUM,Ord_1018
MEDIUM,Ord_1019
HIGH,Ord_1020
CRITICAL,Ord_1021
CRITICAL,Ord_1022
HIGH,Ord_1023
MEDIUM,Ord_1024
CRITICAL,Ord_1025
LOW,Ord_1026
MEDIUM,Ord_1027
NOT SPECIFIED,Ord_1028
HIGH,Ord_1029
CRITICAL,Ord_1030
NOT SPECIFIED,Ord_1031
NOT SPECIFIED,Ord_1032
NOT SPECIFIED,Ord_1033
HIGH,Ord_1034
HIGH,Ord_1035
HIGH,Ord_1036
CRITICAL,Ord_1037
NOT SPECIFIED,Ord_1038
HIGH,Ord_1039
CRITICAL,Ord_1040
MEDIUM,Ord_1041
CRITICAL,Ord_1042
HIGH,Ord_1043
CRITICAL,Ord_1044
LOW,Ord_1045
CRITICAL,Ord_1046
HIGH,Ord_1047
CRITICAL,Ord_1048
LOW,Ord_1049
MEDIUM,Ord_1050
NOT SPECIFIED,Ord_1051
NOT SPECIFIED,Ord_1052
NOT SPECIFIED,Ord_1053
NOT SPECIFIED,Ord_1054
NOT SPECIFIED,Ord_1055
NOT SPECIFIED,Ord_1056
LOW,Ord_1057
NOT SPECIFIED,Ord_1058
MEDIUM,Ord_1059
HIGH,Ord_1060
HIGH,Ord_1061
NOT SPECIFIED,Ord_1062
CRITICAL,Ord_1063
CRITICAL,Ord_1064
LOW,Ord_1065
NOT SPECIFIED,Ord_1066
CRITICAL,Ord_1067
HIGH,Ord_1068
NOT SPECIFIED,Ord_1069
HIGH,Ord_1070
HIGH,Ord_1071
HIGH,Ord_1072
NOT SPECIFIED,Ord_1073
LOW,Ord_1074
HIGH,Ord_1075
LOW,Ord_1076
LOW,Ord_1077
HIGH,Ord_1078
CRITICAL,Ord_1079
MEDIUM,Ord_1080
HIGH,Ord_1081
MEDIUM,Ord_1082
LOW,Ord_1083
MEDIUM,Ord_1084
NOT SPECIFIED,Ord_1085
HIGH,Ord_1086
NOT SPECIFIED,Ord_1087
HIGH,Ord_1088
LOW,Ord_1089
LOW,Ord_1090
LOW,Ord_1091
NOT SPECIFIED,Ord_1092
HIGH,Ord_1093
NOT SPECIFIED,Ord_1094
HIGH,Ord_1095
LOW,Ord_1096
LOW,Ord_1097
MEDIUM,Ord_1098
CRITICAL,Ord_1099
CRITICAL,Ord_1100
MEDIUM,Ord_1101
CRITICAL,Ord_1102
MEDIUM,Ord_1103
NOT SPECIFIED,Ord_1104
LOW,Ord_1105
LOW,Ord_1106
HIGH,Ord_1107
LOW,Ord_1108
LOW,Ord_1109
HIGH,Ord_1110
NOT SPECIFIED,Ord_1111
NOT SPECIFIED,Ord_1112
CRITICAL,Ord_1113
CRITICAL,Ord_1114
NOT SPECIFIED,Ord_1115
HIGH,Ord_1116
CRITICAL,Ord_1117
CRITICAL,Ord_1118
NOT SPECIFIED,Ord_1119
CRITICAL,Ord_1120
HIGH,Ord_1121
MEDIUM,Ord_1122
LOW,Ord_1123
CRITICAL,Ord_1124
LOW,Ord_1125
HIGH,Ord_1126
NOT SPECIFIED,Ord_1127
MEDIUM,Ord_1128
CRITICAL,Ord_1129
LOW,Ord_1130
MEDIUM,Ord_1131
HIGH,Ord_1132
MEDIUM,Ord_1133
CRITICAL,Ord_1134
CRITICAL,Ord_1135
HIGH,Ord_1136
LOW,Ord_1137
MEDIUM,Ord_1138
MEDIUM,Ord_1139
HIGH,Ord_1140
LOW,Ord_1141
NOT SPECIFIED,Ord_1142
MEDIUM,Ord_1143
NOT SPECIFIED,Ord_1144
NOT SPECIFIED,Ord_1145
LOW,Ord_1146
MEDIUM,Ord_1147
NOT SPECIFIED,Ord_1148
CRITICAL,Ord_1149
MEDIUM,Ord_1150
CRITICAL,Ord_1151
MEDIUM,Ord_1152
MEDIUM,Ord_1153
NOT SPECIFIED,Ord_1154
NOT SPECIFIED,Ord_1155
CRITICAL,Ord_1156
HIGH,Ord_1157
MEDIUM,Ord_1158
MEDIUM,Ord_1159
HIGH,Ord_1160
NOT SPECIFIED,Ord_1161
LOW,Ord_1162
LOW,Ord_1163
NOT SPECIFIED,Ord_1164
LOW,Ord_1165
NOT SPECIFIED,Ord_1166
CRITICAL,Ord_1167
CRITICAL,Ord_1168
HIGH,Ord_1169
LOW,Ord_1170
MEDIUM,Ord_1171
NOT SPECIFIED,Ord_1172
NOT SPECIFIED,Ord_1173
NOT SPECIFIED,Ord_1174
CRITICAL,Ord_1175
LOW,Ord_1176
LOW,Ord_1177
HIGH,Ord_1178
MEDIUM,Ord_1179
MEDIUM,Ord_1180
LOW,Ord_1181
HIGH,Ord_1182
HIGH,Ord_1183
NOT SPECIFIED,Ord_1184
MEDIUM,Ord_1185
HIGH,Ord_1186
HIGH,Ord_1187
LOW,Ord_1188
MEDIUM,Ord_1189
NOT SPECIFIED,Ord_1190
LOW,Ord_1191
HIGH,Ord_1192
NOT SPECIFIED,Ord_1193
NOT SPECIFIED,Ord_1194
CRITICAL,Ord_1195
NOT SPECIFIED,Ord_1196
MEDIUM,Ord_1197
HIGH,Ord_1198
MEDIUM,Ord_1199
CRITICAL,Ord_1200
LOW,Ord_1201
MEDIUM,Ord_1202
HIGH,Ord_1203
HIGH,Ord_1204
CRITICAL,Ord_1205
HIGH,Ord_1206
NOT SPECIFIED,Ord_1207
CRITICAL,Ord_1208
HIGH,Ord_1209
HIGH,Ord_1210
MEDIUM,Ord_1211
NOT SPECIFIED,Ord_1212
MEDIUM,Ord_1213
LOW,Ord_1214
NOT SPECIFIED,Ord_1215
LOW,Ord_1216
NOT SPECIFIED,Ord_1217
HIGH,Ord_1218
CRITICAL,Ord_1219
CRITICAL,Ord_1220
MEDIUM,Ord_1221
NOT SPECIFIED,Ord_1222
HIGH,Ord_1223
MEDIUM,Ord_1224
HIGH,Ord_1225
MEDIUM,Ord_1226
CRITICAL,Ord_1227
HIGH,Ord_1228
LOW,Ord_1229
HIGH,Ord_1230
HIGH,Ord_1231
HIGH,Ord_1232
MEDIUM,Ord_1233
LOW,Ord_1234
LOW,Ord_1235
HIGH,Ord_1236
LOW,Ord_1237
MEDIUM,Ord_1238
NOT SPECIFIED,Ord_1239
MEDIUM,Ord_1240
NOT SPECIFIED,Ord_1241
NOT SPECIFIED,Ord_1242
LOW,Ord_1243
HIGH,Ord_1244
HIGH,Ord_1245
MEDIUM,Ord_1246
NOT SPECIFIED,Ord_1247
LOW,Ord_1248
NOT SPECIFIED,Ord_1249
LOW,Ord_1250
CRITICAL,Ord_1251
CRITICAL,Ord_1252
HIGH,Ord_1253
NOT SPECIFIED,Ord_1254
MEDIUM,Ord_1255
HIGH,Ord_1256
LOW,Ord_1257
HIGH,Ord_1258
HIGH,Ord_1259
MEDIUM,Ord_1260
MEDIUM,Ord_1261
CRITICAL,Ord_1262
NOT SPECIFIED,Ord_1263
LOW,Ord_1264
MEDIUM,Ord_1265
CRITICAL,Ord_1266
NOT SPECIFIED,Ord_1267
MEDIUM,Ord_1268
CRITICAL,Ord_1269
HIGH,Ord_1270
MEDIUM,Ord_1271
LOW,Ord_1272
MEDIUM,Ord_1273
LOW,Ord_1274
LOW,Ord_1275
NOT SPECIFIED,Ord_1276
NOT SPECIFIED,Ord_1277
LOW,Ord_1278
MEDIUM,Ord_1279
LOW,Ord_1280
HIGH,Ord_1281
HIGH,Ord_1282
MEDIUM,Ord_1283
NOT SPECIFIED,Ord_1284
LOW,Ord_1285
NOT SPECIFIED,Ord_1286
LOW,Ord_1287
HIGH,Ord_1288
NOT SPECIFIED,Ord_1289
HIGH,Ord_1290
MEDIUM,Ord_1291
HIGH,Ord_1292
HIGH,Ord_1293
LOW,Ord_1294
NOT SPECIFIED,Ord_1295
MEDIUM,Ord_1296
HIGH,Ord_1297
HIGH,Ord_1298
MEDIUM,Ord_1299
MEDIUM,Ord_1300
NOT SPECIFIED,Ord_1301
NOT SPECIFIED,Ord_1302
HIGH,Ord_1303
CRITICAL,Ord_1304
CRITICAL,Ord_1305
LOW,Ord_1306
HIGH,Ord_1307
HIGH,Ord_1308
HIGH,Ord_1309
NOT SPECIFIED,Ord_1310
CRITICAL,Ord_1311
LOW,Ord_1312
CRITICAL,Ord_1313
NOT SPECIFIED,Ord_1314
HIGH,Ord_1315
LOW,Ord_1316
CRITICAL,Ord_1317
MEDIUM,Ord_1318
LOW,Ord_1319
LOW,Ord_1320
LOW,Ord_1321
LOW,Ord_1322
LOW,Ord_1323
HIGH,Ord_1324
HIGH,Ord_1325
LOW,Ord_1326
NOT SPECIFIED,Ord_1327
NOT SPECIFIED,Ord_1328
HIGH,Ord_1329
LOW,Ord_1330
MEDIUM,Ord_1331
MEDIUM,Ord_1332
LOW,Ord_1333
CRITICAL,Ord_1334
HIGH,Ord_1335
NOT SPECIFIED,Ord_1336
NOT SPECIFIED,Ord_1337
LOW,Ord_1338
HIGH,Ord_1339
CRITICAL,Ord_1340
NOT SPECIFIED,Ord_1341
LOW,Ord_1342
HIGH,Ord_1343
MEDIUM,Ord_1344
CRITICAL,Ord_1345
CRITICAL,Ord_1346
MEDIUM,Ord_1347
CRITICAL,Ord_1348
CRITICAL,Ord_1349
LOW,Ord_1350
MEDIUM,Ord_1351
CRITICAL,Ord_1352
MEDIUM,Ord_1353
HIGH,Ord_1354
LOW,Ord_1355
CRITICAL,Ord_1356
CRITICAL,Ord_1357
LOW,Ord_1358
MEDIUM,Ord_1359
NOT SPECIFIED,Ord_1360
NOT SPECIFIED,Ord_1361
LOW,Ord_1362
LOW,Ord_1363
HIGH,Ord_1364
LOW,Ord_1365
LOW,Ord_1366
CRITICAL,Ord_1367
MEDIUM,Ord_1368
NOT SPECIFIED,Ord_1369
MEDIUM,Ord_1370
MEDIUM,Ord_1371
NOT SPECIFIED,Ord_1372
NOT SPECIFIED,Ord_1373
HIGH,Ord_1374
NOT SPECIFIED,Ord_1375
MEDIUM,Ord_1376
HIGH,Ord_1377
HIGH,Ord_1378
NOT SPECIFIED,Ord_1379
NOT SPECIFIED,Ord_1380
NOT SPECIFIED,Ord_1381
NOT SPECIFIED,Ord_1382
HIGH,Ord_1383
CRITICAL,Ord_1384
CRITICAL,Ord_1385
HIGH,Ord_1386
LOW,Ord_1387
MEDIUM,Ord_1388
NOT SPECIFIED,Ord_1389
HIGH,Ord_1390
HIGH,Ord_1391
CRITICAL,Ord_1392
HIGH,Ord_1393
NOT SPECIFIED,Ord_1394
MEDIUM,Ord_1395
NOT SPECIFIED,Ord_1396
HIGH,Ord_1397
HIGH,Ord_1398
HIGH,Ord_1399
MEDIUM,Ord_1400
CRITICAL,Ord_1401
HIGH,Ord_1402
HIGH,Ord_1403
NOT SPECIFIED,Ord_1404
NOT SPECIFIED,Ord_1405
LOW,Ord_1406
HIGH,Ord_1407
MEDIUM,Ord_1408
LOW,Ord_1409
NOT SPECIFIED,Ord_1410
CRITICAL,Ord_1411
NOT SPECIFIED,Ord_1412
NOT SPECIFIED,Ord_1413
LOW,Ord_1414
MEDIUM,Ord_1415
MEDIUM,Ord_1416
CRITICAL,Ord_1417
NOT SPECIFIED,Ord_1418
LOW,Ord_1419
MEDIUM,Ord_1420
MEDIUM,Ord_1421
MEDIUM,Ord_1422
MEDIUM,Ord_1423
NOT SPECIFIED,Ord_1424
MEDIUM,Ord_1425
LOW,Ord_1426
LOW,Ord_1427
LOW,Ord_1428
CRITICAL,Ord_1429
MEDIUM,Ord_1430
MEDIUM,Ord_1431
NOT SPECIFIED,Ord_1432
HIGH,Ord_1433
NOT SPECIFIED,Ord_1434
CRITICAL,Ord_1435
NOT SPECIFIED,Ord_1436
CRITICAL,Ord_1437
MEDIUM,Ord_1438
LOW,Ord_1439
CRITICAL,Ord_1440
MEDIUM,Ord_1441
LOW,Ord_1442
HIGH,Ord_1443
HIGH,Ord_1444
CRITICAL,Ord_1445
NOT SPECIFIED,Ord_1446
MEDIUM,Ord_1447
LOW,Ord_1448
CRITICAL,Ord_1449
HIGH,Ord_1450
CRITICAL,Ord_1451
NOT SPECIFIED,Ord_1452
HIGH,Ord_1453
NOT SPECIFIED,Ord_1454
CRITICAL,Ord_1455
LOW,Ord_1456
HIGH,Ord_1457
LOW,Ord_1458
CRITICAL,Ord_1459
CRITICAL,Ord_1460
HIGH,Ord_1461
HIGH,Ord_1462
LOW,Ord_1463
HIGH,Ord_1464
MEDIUM,Ord_1465
LOW,Ord_1466
CRITICAL,Ord_1467
LOW,Ord_1468
HIGH,Ord_1469
NOT SPECIFIED,Ord_1470
MEDIUM,Ord_1471
HIGH,Ord_1472
LOW,Ord_1473
NOT SPECIFIED,Ord_1474
NOT SPECIFIED,Ord_1475
NOT SPECIFIED,Ord_1476
MEDIUM,Ord_1477
HIGH,Ord_1478
HIGH,Ord_1479
CRITICAL,Ord_1480
HIGH,Ord_1481
MEDIUM,Ord_1482
MEDIUM,Ord_1483
HIGH,Ord_1484
HIGH,Ord_1485
MEDIUM,Ord_1486
MEDIUM,Ord_1487
LOW,Ord_1488
NOT SPECIFIED,Ord_1489
CRITICAL,Ord_1490
HIGH,Ord_1491
HIGH,Ord_1492
LOW,Ord_1493
CRITICAL,Ord_1494
MEDIUM,Ord_1495
MEDIUM,Ord_1496
LOW,Ord_1497
CRITICAL,Ord_1498
CRITICAL,Ord_1499
LOW,Ord_1500
LOW,Ord_1501
LOW,Ord_1502
HIGH,Ord_1503
MEDIUM,Ord_1504
LOW,Ord_1505
CRITICAL,Ord_1506
HIGH,Ord_1507
MEDIUM,Ord_1508
HIGH,Ord_1509
NOT SPECIFIED,Ord_1510
MEDIUM,Ord_1511
MEDIUM,Ord_1512
CRITICAL,Ord_1513
HIGH,Ord_1514
HIGH,Ord_1515
NOT SPECIFIED,Ord_1516
NOT SPECIFIED,Ord_1517
LOW,Ord_1518
MEDIUM,Ord_1519
HIGH,Ord_1520
MEDIUM,Ord_1521
HIGH,Ord_1522
HIGH,Ord_1523
NOT SPECIFIED,Ord_1524
MEDIUM,Ord_1525
HIGH,Ord_1526
MEDIUM,Ord_1527
MEDIUM,Ord_1528
HIGH,Ord_1529
CRITICAL,Ord_1530
CRITICAL,Ord_1531
CRITICAL,Ord_1532
CRITICAL,Ord_1533
LOW,Ord_1534
LOW,Ord_1535
MEDIUM,Ord_1536
HIGH,Ord_1537
MEDIUM,Ord_1538
CRITICAL,Ord_1539
LOW,Ord_1540
CRITICAL,Ord_1541
LOW,Ord_1542
NOT SPECIFIED,Ord_1543
NOT SPECIFIED,Ord_1544
CRITICAL,Ord_1545
LOW,Ord_1546
CRITICAL,Ord_1547
MEDIUM,Ord_1548
LOW,Ord_1549
LOW,Ord_1550
CRITICAL,Ord_1551
HIGH,Ord_1552
LOW,Ord_1553
LOW,Ord_1554
HIGH,Ord_1555
LOW,Ord_1556
MEDIUM,Ord_1557
HIGH,Ord_1558
HIGH,Ord_1559
LOW,Ord_1560
NOT SPECIFIED,Ord_1561
LOW,Ord_1562
CRITICAL,Ord_1563
MEDIUM,Ord_1564
NOT SPECIFIED,Ord_1565
LOW,Ord_1566
MEDIUM,Ord_1567
MEDIUM,Ord_1568
HIGH,Ord_1569
MEDIUM,Ord_1570
LOW,Ord_1571
HIGH,Ord_1572
NOT SPECIFIED,Ord_1573
MEDIUM,Ord_1574
LOW,Ord_1575
LOW,Ord_1576
NOT SPECIFIED,Ord_1577
CRITICAL,Ord_1578
CRITICAL,Ord_1579
HIGH,Ord_1580
CRITICAL,Ord_1581
HIGH,Ord_1582
MEDIUM,Ord_1583
MEDIUM,Ord_1584
NOT SPECIFIED,Ord_1585
HIGH,Ord_1586
LOW,Ord_1587
MEDIUM,Ord_1588
LOW,Ord_1589
MEDIUM,Ord_1590
LOW,Ord_1591
CRITICAL,Ord_1592
CRITICAL,Ord_1593
HIGH,Ord_1594
CRITICAL,Ord_1595
HIGH,Ord_1596
NOT SPECIFIED,Ord_1597
LOW,Ord_1598
MEDIUM,Ord_1599
CRITICAL,Ord_1600
MEDIUM,Ord_1601
MEDIUM,Ord_1602
LOW,Ord_1603
LOW,Ord_1604
HIGH,Ord_1605
LOW,Ord_1606
MEDIUM,Ord_1607
NOT SPECIFIED,Ord_1608
LOW,Ord_1609
MEDIUM,Ord_1610
NOT SPECIFIED,Ord_1611
NOT SPECIFIED,Ord_1612
LOW,Ord_1613
HIGH,Ord_1614
MEDIUM,Ord_1615
CRITICAL,Ord_1616
NOT SPECIFIED,Ord_1617
LOW,Ord_1618
HIGH,Ord_1619
CRITICAL,Ord_1620
MEDIUM,Ord_1621
NOT SPECIFIED,Ord_1622
LOW,Ord_1623
CRITICAL,Ord_1624
HIGH,Ord_1625
LOW,Ord_1626
LOW,Ord_1627
NOT SPECIFIED,Ord_1628
HIGH,Ord_1629
MEDIUM,Ord_1630
MEDIUM,Ord_1631
LOW,Ord_1632
NOT SPECIFIED,Ord_1633
NOT SPECIFIED,Ord_1634
HIGH,Ord_1635
LOW,Ord_1636
LOW,Ord_1637
NOT SPECIFIED,Ord_1638
HIGH,Ord_1639
NOT SPECIFIED,Ord_1640
MEDIUM,Ord_1641
CRITICAL,Ord_1642
CRITICAL,Ord_1643
MEDIUM,Ord_1644
HIGH,Ord_1645
MEDIUM,Ord_1646
CRITICAL,Ord_1647
MEDIUM,Ord_1648
LOW,Ord_1649
HIGH,Ord_1650
CRITICAL,Ord_1651
CRITICAL,Ord_1652
CRITICAL,Ord_1653
CRITICAL,Ord_1654
LOW,Ord_1655
MEDIUM,Ord_1656
HIGH,Ord_1657
NOT SPECIFIED,Ord_1658
MEDIUM,Ord_1659
LOW,Ord_1660
LOW,Ord_1661
NOT SPECIFIED,Ord_1662
CRITICAL,Ord_1663
CRITICAL,Ord_1664
MEDIUM,Ord_1665
MEDIUM,Ord_1666
NOT SPECIFIED,Ord_1667
LOW,Ord_1668
HIGH,Ord_1669
HIGH,Ord_1670
MEDIUM,Ord_1671
MEDIUM,Ord_1672
LOW,Ord_1673
CRITICAL,Ord_1674
MEDIUM,Ord_1675
LOW,Ord_1676
LOW,Ord_1677
MEDIUM,Ord_1678
CRITICAL,Ord_1679
LOW,Ord_1680
NOT SPECIFIED,Ord_1681
MEDIUM,Ord_1682
MEDIUM,Ord_1683
HIGH,Ord_1684
NOT SPECIFIED,Ord_1685
CRITICAL,Ord_1686
NOT SPECIFIED,Ord_1687
HIGH,Ord_1688
LOW,Ord_1689
LOW,Ord_1690
NOT SPECIFIED,Ord_1691
NOT SPECIFIED,Ord_1692
HIGH,Ord_1693
CRITICAL,Ord_1694
HIGH,Ord_1695
LOW,Ord_1696
NOT SPECIFIED,Ord_1697
CRITICAL,Ord_1698
MEDIUM,Ord_1699
HIGH,Ord_1700
NOT SPECIFIED,Ord_1701
LOW,Ord_1702
HIGH,Ord_1703
MEDIUM,Ord_1704
NOT SPECIFIED,Ord_1705
NOT SPECIFIED,Ord_1706
HIGH,Ord_1707
HIGH,Ord_1708
CRITICAL,Ord_1709
CRITICAL,Ord_1710
LOW,Ord_1711
NOT SPECIFIED,Ord_1712
HIGH,Ord_1713
LOW,Ord_1714
NOT SPECIFIED,Ord_1715
CRITICAL,Ord_1716
NOT SPECIFIED,Ord_1717
NOT SPECIFIED,Ord_1718
CRITICAL,Ord_1719
LOW,Ord_1720
CRITICAL,Ord_1721
NOT SPECIFIED,Ord_1722
MEDIUM,Ord_1723
HIGH,Ord_1724
NOT SPECIFIED,Ord_1725
LOW,Ord_1726
MEDIUM,Ord_1727
MEDIUM,Ord_1728
NOT SPECIFIED,Ord_1729
HIGH,Ord_1730
HIGH,Ord_1731
LOW,Ord_1732
CRITICAL,Ord_1733
MEDIUM,Ord_1734
MEDIUM,Ord_1735
HIGH,Ord_1736
HIGH,Ord_1737
LOW,Ord_1738
HIGH,Ord_1739
LOW,Ord_1740
LOW,Ord_1741
HIGH,Ord_1742
MEDIUM,Ord_1743
NOT SPECIFIED,Ord_1744
MEDIUM,Ord_1745
NOT SPECIFIED,Ord_1746
HIGH,Ord_1747
MEDIUM,Ord_1748
LOW,Ord_1749
HIGH,Ord_1750
CRITICAL,Ord_1751
NOT SPECIFIED,Ord_1752
HIGH,Ord_1753
CRITICAL,Ord_1754
CRITICAL,Ord_1755
MEDIUM,Ord_1756
LOW,Ord_1757
HIGH,Ord_1758
NOT SPECIFIED,Ord_1759
LOW,Ord_1760
MEDIUM,Ord_1761
NOT SPECIFIED,Ord_1762
CRITICAL,Ord_1763
LOW,Ord_1764
LOW,Ord_1765
NOT SPECIFIED,Ord_1766
CRITICAL,Ord_1767
MEDIUM,Ord_1768
CRITICAL,Ord_1769
MEDIUM,Ord_1770
MEDIUM,Ord_1771
HIGH,Ord_1772
LOW,Ord_1773
LOW,Ord_1774
MEDIUM,Ord_1775
HIGH,Ord_1776
NOT SPECIFIED,Ord_1777
MEDIUM,Ord_1778
NOT SPECIFIED,Ord_1779
LOW,Ord_1780
MEDIUM,Ord_1781
HIGH,Ord_1782
CRITICAL,Ord_1783
NOT SPECIFIED,Ord_1784
MEDIUM,Ord_1785
MEDIUM,Ord_1786
NOT SPECIFIED,Ord_1787
LOW,Ord_1788
LOW,Ord_1789
HIGH,Ord_1790
MEDIUM,Ord_1791
NOT SPECIFIED,Ord_1792
MEDIUM,Ord_1793
LOW,Ord_1794
LOW,Ord_1795
MEDIUM,Ord_1796
NOT SPECIFIED,Ord_1797
LOW,Ord_1798
HIGH,Ord_1799
CRITICAL,Ord_1800
MEDIUM,Ord_1801
NOT SPECIFIED,Ord_1802
MEDIUM,Ord_1803
LOW,Ord_1804
MEDIUM,Ord_1805
CRITICAL,Ord_1806
MEDIUM,Ord_1807
HIGH,Ord_1808
MEDIUM,Ord_1809
HIGH,Ord_1810
LOW,Ord_1811
MEDIUM,Ord_1812
MEDIUM,Ord_1813
NOT SPECIFIED,Ord_1814
CRITICAL,Ord_1815
LOW,Ord_1816
MEDIUM,Ord_1817
MEDIUM,Ord_1818
CRITICAL,Ord_1819
HIGH,Ord_1820
MEDIUM,Ord_1821
LOW,Ord_1822
HIGH,Ord_1823
NOT SPECIFIED,Ord_1824
LOW,Ord_1825
MEDIUM,Ord_1826
LOW,Ord_1827
LOW,Ord_1828
CRITICAL,Ord_1829
LOW,Ord_1830
NOT SPECIFIED,Ord_1831
HIGH,Ord_1832
MEDIUM,Ord_1833
NOT SPECIFIED,Ord_1834
LOW,Ord_1835
NOT SPECIFIED,Ord_1836
HIGH,Ord_1837
LOW,Ord_1838
CRITICAL,Ord_1839
NOT SPECIFIED,Ord_1840
HIGH,Ord_1841
MEDIUM,Ord_1842
MEDIUM,Ord_1843
HIGH,Ord_1844
NOT SPECIFIED,Ord_1845
MEDIUM,Ord_1846
NOT SPECIFIED,Ord_1847
LOW,Ord_1848
MEDIUM,Ord_1849
LOW,Ord_1850
NOT SPECIFIED,Ord_1851
LOW,Ord_1852
LOW,Ord_1853
CRITICAL,Ord_1854
HIGH,Ord_1855
NOT SPECIFIED,Ord_1856
NOT SPECIFIED,Ord_1857
CRITICAL,Ord_1858
HIGH,Ord_1859
NOT SPECIFIED,Ord_1860
CRITICAL,Ord_1861
LOW,Ord_1862
CRITICAL,Ord_1863
CRITICAL,Ord_1864
MEDIUM,Ord_1865
NOT SPECIFIED,Ord_1866
MEDIUM,Ord_1867
NOT SPECIFIED,Ord_1868
CRITICAL,Ord_1869
CRITICAL,Ord_1870
LOW,Ord_1871
CRITICAL,Ord_1872
NOT SPECIFIED,Ord_1873
MEDIUM,Ord_1874
LOW,Ord_1875
HIGH,Ord_1876
LOW,Ord_1877
NOT SPECIFIED,Ord_1878
LOW,Ord_1879
NOT SPECIFIED,Ord_1880
LOW,Ord_1881
CRITICAL,Ord_1882
LOW,Ord_1883
MEDIUM,Ord_1884
LOW,Ord_1885
LOW,Ord_1886
CRITICAL,Ord_1887
MEDIUM,Ord_1888
HIGH,Ord_1889
HIGH,Ord_1890
HIGH,Ord_1891
NOT SPECIFIED,Ord_1892
HIGH,Ord_1893
NOT SPECIFIED,Ord_1894
LOW,Ord_1895
CRITICAL,Ord_1896
NOT SPECIFIED,Ord_1897
LOW,Ord_1898
HIGH,Ord_1899
MEDIUM,Ord_1900
MEDIUM,Ord_1901
NOT SPECIFIED,Ord_1902
LOW,Ord_1903
HIGH,Ord_1904
MEDIUM,Ord_1905
MEDIUM,Ord_1906
CRITICAL,Ord_1907
HIGH,Ord_1908
MEDIUM,Ord_1909
LOW,Ord_1910
MEDIUM,Ord_1911
CRITICAL,Ord_1912
NOT SPECIFIED,Ord_1913
HIGH,Ord_1914
HIGH,Ord_1915
HIGH,Ord_1916
NOT SPECIFIED,Ord_1917
CRITICAL,Ord_1918
CRITICAL,Ord_1919
LOW,Ord_1920
LOW,Ord_1921
HIGH,Ord_1922
LOW,Ord_1923
HIGH,Ord_1924
HIGH,Ord_1925
HIGH,Ord_1926
LOW,Ord_1927
MEDIUM,Ord_1928
MEDIUM,Ord_1929
LOW,Ord_1930
NOT SPECIFIED,Ord_1931
CRITICAL,Ord_1932
CRITICAL,Ord_1933
NOT SPECIFIED,Ord_1934
HIGH,Ord_1935
NOT SPECIFIED,Ord_1936
HIGH,Ord_1937
NOT SPECIFIED,Ord_1938
CRITICAL,Ord_1939
MEDIUM,Ord_1940
HIGH,Ord_1941
CRITICAL,Ord_1942
CRITICAL,Ord_1943
HIGH,Ord_1944
NOT SPECIFIED,Ord_1945
MEDIUM,Ord_1946
CRITICAL,Ord_1947
NOT SPECIFIED,Ord_1948
NOT SPECIFIED,Ord_1949
LOW,Ord_1950
MEDIUM,Ord_1951
LOW,Ord_1952
MEDIUM,Ord_1953
HIGH,Ord_1954
MEDIUM,Ord_1955
LOW,Ord_1956
NOT SPECIFIED,Ord_1957
CRITICAL,Ord_1958
LOW,Ord_1959
NOT SPECIFIED,Ord_1960
LOW,Ord_1961
LOW,Ord_1962
HIGH,Ord_1963
LOW,Ord_1964
NOT SPECIFIED,Ord_1965
NOT SPECIFIED,Ord_1966
MEDIUM,Ord_1967
NOT SPECIFIED,Ord_1968
CRITICAL,Ord_1969
HIGH,Ord_1970
LOW,Ord_1971
NOT SPECIFIED,Ord_1972
MEDIUM,Ord_1973
CRITICAL,Ord_1974
NOT SPECIFIED,Ord_1975
LOW,Ord_1976
LOW,Ord_1977
HIGH,Ord_1978
NOT SPECIFIED,Ord_1979
NOT SPECIFIED,Ord_1980
MEDIUM,Ord_1981
CRITICAL,Ord_1982
LOW,Ord_1983
HIGH,Ord_1984
CRITICAL,Ord_1985
MEDIUM,Ord_1986
HIGH,Ord_1987
NOT SPECIFIED,Ord_1988
LOW,Ord_1989
CRITICAL,Ord_1990
LOW,Ord_1991
MEDIUM,Ord_1992
HIGH,Ord_1993
NOT SPECIFIED,Ord_1994
LOW,Ord_1995
HIGH,Ord_1996
NOT SPECIFIED,Ord_1997
MEDIUM,Ord_1998
MEDIUM,Ord_1999
CRITICAL,Ord_2000
CRITICAL,Ord_2001
CRITICAL,Ord_2002
CRITICAL,Ord_2003
NOT SPECIFIED,Ord_2004
HIGH,Ord_2005
LOW,Ord_2006
LOW,Ord_2007
HIGH,Ord_2008
HIGH,Ord_2009
LOW,Ord_2010
CRITICAL,Ord_2011
LOW,Ord_2012
MEDIUM,Ord_2013
LOW,Ord_2014
HIGH,Ord_2015
MEDIUM,Ord_2016
HIGH,Ord_2017
CRITICAL,Ord_2018
CRITICAL,Ord_2019
CRITICAL,Ord_2020
MEDIUM,Ord_2021
MEDIUM,Ord_2022
MEDIUM,Ord_2023
LOW,Ord_2024
HIGH,Ord_2025
MEDIUM,Ord_2026
MEDIUM,Ord_2027
LOW,Ord_2028
LOW,Ord_2029
LOW,Ord_2030
LOW,Ord_2031
NOT SPECIFIED,Ord_2032
HIGH,Ord_2033
NOT SPECIFIED,Ord_2034
CRITICAL,Ord_2035
HIGH,Ord_2036
HIGH,Ord_2037
LOW,Ord_2038
CRITICAL,Ord_2039
CRITICAL,Ord_2040
HIGH,Ord_2041
LOW,Ord_2042
HIGH,Ord_2043
LOW,Ord_2044
LOW,Ord_2045
LOW,Ord_2046
CRITICAL,Ord_2047
MEDIUM,Ord_2048
CRITICAL,Ord_2049
MEDIUM,Ord_2050
HIGH,Ord_2051
MEDIUM,Ord_2052
CRITICAL,Ord_2053
MEDIUM,Ord_2054
MEDIUM,Ord_2055
LOW,Ord_2056
NOT SPECIFIED,Ord_2057
NOT SPECIFIED,Ord_2058
MEDIUM,Ord_2059
MEDIUM,Ord_2060
CRITICAL,Ord_2061
HIGH,Ord_2062
CRITICAL,Ord_2063
CRITICAL,Ord_2064
HIGH,Ord_2065
HIGH,Ord_2066
HIGH,Ord_2067
MEDIUM,Ord_2068
HIGH,Ord_2069
MEDIUM,Ord_2070
HIGH,Ord_2071
LOW,Ord_2072
CRITICAL,Ord_2073
NOT SPECIFIED,Ord_2074
NOT SPECIFIED,Ord_2075
CRITICAL,Ord_2076
CRITICAL,Ord_2077
CRITICAL,Ord_2078
HIGH,Ord_2079
LOW,Ord_2080
NOT SPECIFIED,Ord_2081
MEDIUM,Ord_2082
MEDIUM,Ord_2083
LOW,Ord_2084
LOW,Ord_2085
MEDIUM,Ord_2086
LOW,Ord_2087
NOT SPECIFIED,Ord_2088
LOW,Ord_2089
CRITICAL,Ord_2090
NOT SPECIFIED,Ord_2091
HIGH,Ord_2092
LOW,Ord_2093
CRITICAL,Ord_2094
NOT SPECIFIED,Ord_2095
LOW,Ord_2096
HIGH,Ord_2097
LOW,Ord_2098
NOT SPECIFIED,Ord_2099
NOT SPECIFIED,Ord_2100
MEDIUM,Ord_2101
HIGH,Ord_2102
NOT SPECIFIED,Ord_2103
HIGH,Ord_2104
HIGH,Ord_2105
NOT SPECIFIED,Ord_2106
MEDIUM,Ord_2107
NOT SPECIFIED,Ord_2108
NOT SPECIFIED,Ord_2109
MEDIUM,Ord_2110
CRITICAL,Ord_2111
NOT SPECIFIED,Ord_2112
LOW,Ord_2113
LOW,Ord_2114
NOT SPECIFIED,Ord_2115
HIGH,Ord_2116
CRITICAL,Ord_2117
LOW,Ord_2118
MEDIUM,Ord_2119
NOT SPECIFIED,Ord_2120
MEDIUM,Ord_2121
MEDIUM,Ord_2122
MEDIUM,Ord_2123
MEDIUM,Ord_2124
HIGH,Ord_2125
NOT SPECIFIED,Ord_2126
MEDIUM,Ord_2127
CRITICAL,Ord_2128
HIGH,Ord_2129
HIGH,Ord_2130
MEDIUM,Ord_2131
CRITICAL,Ord_2132
CRITICAL,Ord_2133
CRITICAL,Ord_2134
HIGH,Ord_2135
CRITICAL,Ord_2136
LOW,Ord_2137
LOW,Ord_2138
NOT SPECIFIED,Ord_2139
MEDIUM,Ord_2140
MEDIUM,Ord_2141
CRITICAL,Ord_2142
HIGH,Ord_2143
HIGH,Ord_2144
HIGH,Ord_2145
LOW,Ord_2146
NOT SPECIFIED,Ord_2147
CRITICAL,Ord_2148
CRITICAL,Ord_2149
HIGH,Ord_2150
CRITICAL,Ord_2151
LOW,Ord_2152
MEDIUM,Ord_2153
HIGH,Ord_2154
NOT SPECIFIED,Ord_2155
NOT SPECIFIED,Ord_2156
LOW,Ord_2157
LOW,Ord_2158
MEDIUM,Ord_2159
NOT SPECIFIED,Ord_2160
CRITICAL,Ord_2161
HIGH,Ord_2162
CRITICAL,Ord_2163
CRITICAL,Ord_2164
HIGH,Ord_2165
HIGH,Ord_2166
NOT SPECIFIED,Ord_2167
HIGH,Ord_2168
MEDIUM,Ord_2169
CRITICAL,Ord_2170
LOW,Ord_2171
CRITICAL,Ord_2172
CRITICAL,Ord_2173
HIGH,Ord_2174
LOW,Ord_2175
LOW,Ord_2176
HIGH,Ord_2177
NOT SPECIFIED,Ord_2178
CRITICAL,Ord_2179
MEDIUM,Ord_2180
CRITICAL,Ord_2181
CRITICAL,Ord_2182
CRITICAL,Ord_2183
NOT SPECIFIED,Ord_2184
HIGH,Ord_2185
HIGH,Ord_2186
NOT SPECIFIED,Ord_2187
HIGH,Ord_2188
MEDIUM,Ord_2189
CRITICAL,Ord_2190
MEDIUM,Ord_2191
HIGH,Ord_2192
HIGH,Ord_2193
MEDIUM,Ord_2194
NOT SPECIFIED,Ord_2195
NOT SPECIFIED,Ord_2196
MEDIUM,Ord_2197
HIGH,Ord_2198
CRITICAL,Ord_2199
HIGH,Ord_2200
HIGH,Ord_2201
LOW,Ord_2202
NOT SPECIFIED,Ord_2203
LOW,Ord_2204
LOW,Ord_2205
CRITICAL,Ord_2206
MEDIUM,Ord_2207
LOW,Ord_2208
HIGH,Ord_2209
NOT SPECIFIED,Ord_2210
CRITICAL,Ord_2211
NOT SPECIFIED,Ord_2212
HIGH,Ord_2213
NOT SPECIFIED,Ord_2214
MEDIUM,Ord_2215
LOW,Ord_2216
NOT SPECIFIED,Ord_2217
LOW,Ord_2218
LOW,Ord_2219
CRITICAL,Ord_2220
MEDIUM,Ord_2221
LOW,Ord_2222
HIGH,Ord_2223
NOT SPECIFIED,Ord_2224
MEDIUM,Ord_2225
LOW,Ord_2226
NOT SPECIFIED,Ord_2227
MEDIUM,Ord_2228
CRITICAL,Ord_2229
HIGH,Ord_2230
LOW,Ord_2231
HIGH,Ord_2232
MEDIUM,Ord_2233
CRITICAL,Ord_2234
LOW,Ord_2235
LOW,Ord_2236
LOW,Ord_2237
MEDIUM,Ord_2238
NOT SPECIFIED,Ord_2239
NOT SPECIFIED,Ord_2240
HIGH,Ord_2241
LOW,Ord_2242
LOW,Ord_2243
MEDIUM,Ord_2244
CRITICAL,Ord_2245
NOT SPECIFIED,Ord_2246
LOW,Ord_2247
LOW,Ord_2248
MEDIUM,Ord_2249
NOT SPECIFIED,Ord_2250
LOW,Ord_2251
CRITICAL,Ord_2252
LOW,Ord_2253
CRITICAL,Ord_2254
NOT SPECIFIED,Ord_2255
MEDIUM,Ord_2256
LOW,Ord_2257
MEDIUM,Ord_2258
CRITICAL,Ord_2259
CRITICAL,Ord_2260
NOT SPECIFIED,Ord_2261
LOW,Ord_2262
MEDIUM,Ord_2263
HIGH,Ord_2264
MEDIUM,Ord_2265
CRITICAL,Ord_2266
CRITICAL,Ord_2267
LOW,Ord_2268
CRITICAL,Ord_2269
HIGH,Ord_2270
NOT SPECIFIED,Ord_2271
MEDIUM,Ord_2272
CRITICAL,Ord_2273
CRITICAL,Ord_2274
HIGH,Ord_2275
NOT SPECIFIED,Ord_2276
LOW,Ord_2277
CRITICAL,Ord_2278
CRITICAL,Ord_2279
CRITICAL,Ord_2280
CRITICAL,Ord_2281
CRITICAL,Ord_2282
NOT SPECIFIED,Ord_2283
LOW,Ord_2284
CRITICAL,Ord_2285
HIGH,Ord_2286
HIGH,Ord_2287
LOW,Ord_2288
CRITICAL,Ord_2289
HIGH,Ord_2290
HIGH,Ord_2291
MEDIUM,Ord_2292
CRITICAL,Ord_2293
LOW,Ord_2294
LOW,Ord_2295
LOW,Ord_2296
LOW,Ord_2297
MEDIUM,Ord_2298
HIGH,Ord_2299
LOW,Ord_2300
CRITICAL,Ord_2301
NOT SPECIFIED,Ord_2302
CRITICAL,Ord_2303
MEDIUM,Ord_2304
CRITICAL,Ord_2305
CRITICAL,Ord_2306
MEDIUM,Ord_2307
LOW,Ord_2308
LOW,Ord_2309
NOT SPECIFIED,Ord_2310
NOT SPECIFIED,Ord_2311
CRITICAL,Ord_2312
LOW,Ord_2313
HIGH,Ord_2314
HIGH,Ord_2315
HIGH,Ord_2316
LOW,Ord_2317
CRITICAL,Ord_2318
HIGH,Ord_2319
HIGH,Ord_2320
MEDIUM,Ord_2321
NOT SPECIFIED,Ord_2322
LOW,Ord_2323
NOT SPECIFIED,Ord_2324
CRITICAL,Ord_2325
LOW,Ord_2326
NOT SPECIFIED,Ord_2327
CRITICAL,Ord_2328
CRITICAL,Ord_2329
NOT SPECIFIED,Ord_2330
CRITICAL,Ord_2331
NOT SPECIFIED,Ord_2332
HIGH,Ord_2333
CRITICAL,Ord_2334
MEDIUM,Ord_2335
NOT SPECIFIED,Ord_2336
NOT SPECIFIED,Ord_2337
MEDIUM,Ord_2338
LOW,Ord_2339
LOW,Ord_2340
MEDIUM,Ord_2341
HIGH,Ord_2342
MEDIUM,Ord_2343
CRITICAL,Ord_2344
NOT SPECIFIED,Ord_2345
MEDIUM,Ord_2346
NOT SPECIFIED,Ord_2347
NOT SPECIFIED,Ord_2348
LOW,Ord_2349
MEDIUM,Ord_2350
MEDIUM,Ord_2351
LOW,Ord_2352
MEDIUM,Ord_2353
LOW,Ord_2354
MEDIUM,Ord_2355
LOW,Ord_2356
CRITICAL,Ord_2357
LOW,Ord_2358
MEDIUM,Ord_2359
MEDIUM,Ord_2360
NOT SPECIFIED,Ord_2361
CRITICAL,Ord_2362
NOT SPECIFIED,Ord_2363
MEDIUM,Ord_2364
NOT SPECIFIED,Ord_2365
CRITICAL,Ord_2366
CRITICAL,Ord_2367
LOW,Ord_2368
NOT SPECIFIED,Ord_2369
HIGH,Ord_2370
HIGH,Ord_2371
LOW,Ord_2372
NOT SPECIFIED,Ord_2373
MEDIUM,Ord_2374
MEDIUM,Ord_2375
MEDIUM,Ord_2376
CRITICAL,Ord_2377
CRITICAL,Ord_2378
LOW,Ord_2379
NOT SPECIFIED,Ord_2380
CRITICAL,Ord_2381
NOT SPECIFIED,Ord_2382
NOT SPECIFIED,Ord_2383
HIGH,Ord_2384
CRITICAL,Ord_2385
NOT SPECIFIED,Ord_2386
LOW,Ord_2387
LOW,Ord_2388
NOT SPECIFIED,Ord_2389
MEDIUM,Ord_2390
CRITICAL,Ord_2391
HIGH,Ord_2392
NOT SPECIFIED,Ord_2393
MEDIUM,Ord_2394
LOW,Ord_2395
LOW,Ord_2396
HIGH,Ord_2397
CRITICAL,Ord_2398
MEDIUM,Ord_2399
CRITICAL,Ord_2400
LOW,Ord_2401
HIGH,Ord_2402
CRITICAL,Ord_2403
LOW,Ord_2404
MEDIUM,Ord_2405
LOW,Ord_2406
MEDIUM,Ord_2407
HIGH,Ord_2408
CRITICAL,Ord_2409
MEDIUM,Ord_2410
MEDIUM,Ord_2411
LOW,Ord_2412
LOW,Ord_2413
NOT SPECIFIED,Ord_2414
LOW,Ord_2415
NOT SPECIFIED,Ord_2416
LOW,Ord_2417
NOT SPECIFIED,Ord_2418
MEDIUM,Ord_2419
MEDIUM,Ord_2420
CRITICAL,Ord_2421
LOW,Ord_2422
CRITICAL,Ord_2423
CRITICAL,Ord_2424
LOW,Ord_2425
HIGH,Ord_2426
MEDIUM,Ord_2427
NOT SPECIFIED,Ord_2428
MEDIUM,Ord_2429
HIGH,Ord_2430
MEDIUM,Ord_2431
LOW,Ord_2432
CRITICAL,Ord_2433
HIGH,Ord_2434
NOT SPECIFIED,Ord_2435
MEDIUM,Ord_2436
LOW,Ord_2437
MEDIUM,Ord_2438
MEDIUM,Ord_2439
MEDIUM,Ord_2440
NOT SPECIFIED,Ord_2441
CRITICAL,Ord_2442
LOW,Ord_2443
MEDIUM,Ord_2444
HIGH,Ord_2445
LOW,Ord_2446
LOW,Ord_2447
LOW,Ord_2448
HIGH,Ord_2449
CRITICAL,Ord_2450
HIGH,Ord_2451
HIGH,Ord_2452
NOT SPECIFIED,Ord_2453
CRITICAL,Ord_2454
LOW,Ord_2455
LOW,Ord_2456
NOT SPECIFIED,Ord_2457
CRITICAL,Ord_2458
CRITICAL,Ord_2459
MEDIUM,Ord_2460
LOW,Ord_2461
LOW,Ord_2462
MEDIUM,Ord_2463
CRITICAL,Ord_2464
HIGH,Ord_2465
NOT SPECIFIED,Ord_2466
MEDIUM,Ord_2467
MEDIUM,Ord_2468
HIGH,Ord_2469
HIGH,Ord_2470
MEDIUM,Ord_2471
NOT SPECIFIED,Ord_2472
NOT SPECIFIED,Ord_2473
CRITICAL,Ord_2474
LOW,Ord_2475
CRITICAL,Ord_2476
LOW,Ord_2477
LOW,Ord_2478
CRITICAL,Ord_2479
NOT SPECIFIED,Ord_2480
CRITICAL,Ord_2481
HIGH,Ord_2482
CRITICAL,Ord_2483
NOT SPECIFIED,Ord_2484
HIGH,Ord_2485
CRITICAL,Ord_2486
CRITICAL,Ord_2487
NOT SPECIFIED,Ord_2488
MEDIUM,Ord_2489
NOT SPECIFIED,Ord_2490
NOT SPECIFIED,Ord_2491
CRITICAL,Ord_2492
CRITICAL,Ord_2493
NOT SPECIFIED,Ord_2494
CRITICAL,Ord_2495
LOW,Ord_2496
LOW,Ord_2497
MEDIUM,Ord_2498
NOT SPECIFIED,Ord_2499
CRITICAL,Ord_2500
HIGH,Ord_2501
CRITICAL,Ord_2502
LOW,Ord_2503
CRITICAL,Ord_2504
MEDIUM,Ord_2505
LOW,Ord_2506
HIGH,Ord_2507
LOW,Ord_2508
CRITICAL,Ord_2509
CRITICAL,Ord_2510
HIGH,Ord_2511
HIGH,Ord_2512
NOT SPECIFIED,Ord_2513
CRITICAL,Ord_2514
MEDIUM,Ord_2515
LOW,Ord_2516
NOT SPECIFIED,Ord_2517
NOT SPECIFIED,Ord_2518
NOT SPECIFIED,Ord_2519
MEDIUM,Ord_2520
HIGH,Ord_2521
CRITICAL,Ord_2522
LOW,Ord_2523
HIGH,Ord_2524
NOT SPECIFIED,Ord_2525
LOW,Ord_2526
HIGH,Ord_2527
CRITICAL,Ord_2528
LOW,Ord_2529
HIGH,Ord_2530
LOW,Ord_2531
HIGH,Ord_2532
MEDIUM,Ord_2533
HIGH,Ord_2534
HIGH,Ord_2535
LOW,Ord_2536
HIGH,Ord_2537
CRITICAL,Ord_2538
LOW,Ord_2539
NOT SPECIFIED,Ord_2540
NOT SPECIFIED,Ord_2541
HIGH,Ord_2542
HIGH,Ord_2543
LOW,Ord_2544
CRITICAL,Ord_2545
CRITICAL,Ord_2546
NOT SPECIFIED,Ord_2547
HIGH,Ord_2548
LOW,Ord_2549
NOT SPECIFIED,Ord_2550
NOT SPECIFIED,Ord_2551
LOW,Ord_2552
CRITICAL,Ord_2553
MEDIUM,Ord_2554
CRITICAL,Ord_2555
CRITICAL,Ord_2556
LOW,Ord_2557
NOT SPECIFIED,Ord_2558
NOT SPECIFIED,Ord_2559
CRITICAL,Ord_2560
LOW,Ord_2561
HIGH,Ord_2562
HIGH,Ord_2563
MEDIUM,Ord_2564
LOW,Ord_2565
MEDIUM,Ord_2566
NOT SPECIFIED,Ord_2567
NOT SPECIFIED,Ord_2568
NOT SPECIFIED,Ord_2569
MEDIUM,Ord_2570
CRITICAL,Ord_2571
HIGH,Ord_2572
HIGH,Ord_2573
HIGH,Ord_2574
HIGH,Ord_2575
LOW,Ord_2576
HIGH,Ord_2577
CRITICAL,Ord_2578
CRITICAL,Ord_2579
MEDIUM,Ord_2580
LOW,Ord_2581
NOT SPECIFIED,Ord_2582
MEDIUM,Ord_2583
HIGH,Ord_2584
HIGH,Ord_2585
MEDIUM,Ord_2586
NOT SPECIFIED,Ord_2587
CRITICAL,Ord_2588
CRITICAL,Ord_2589
HIGH,Ord_2590
NOT SPECIFIED,Ord_2591
NOT SPECIFIED,Ord_2592
HIGH,Ord_2593
MEDIUM,Ord_2594
MEDIUM,Ord_2595
HIGH,Ord_2596
CRITICAL,Ord_2597
LOW,Ord_2598
CRITICAL,Ord_2599
NOT SPECIFIED,Ord_2600
LOW,Ord_2601
HIGH,Ord_2602
NOT SPECIFIED,Ord_2603
LOW,Ord_2604
MEDIUM,Ord_2605
NOT SPECIFIED,Ord_2606
HIGH,Ord_2607
HIGH,Ord_2608
NOT SPECIFIED,Ord_2609
LOW,Ord_2610
HIGH,Ord_2611
CRITICAL,Ord_2612
LOW,Ord_2613
MEDIUM,Ord_2614
CRITICAL,Ord_2615
CRITICAL,Ord_2616
CRITICAL,Ord_2617
NOT SPECIFIED,Ord_2618
MEDIUM,Ord_2619
CRITICAL,Ord_2620
MEDIUM,Ord_2621
LOW,Ord_2622
NOT SPECIFIED,Ord_2623
HIGH,Ord_2624
MEDIUM,Ord_2625
CRITICAL,Ord_2626
HIGH,Ord_2627
HIGH,Ord_2628
LOW,Ord_2629
CRITICAL,Ord_2630
HIGH,Ord_2631
LOW,Ord_2632
HIGH,Ord_2633
CRITICAL,Ord_2634
MEDIUM,Ord_2635
HIGH,Ord_2636
NOT SPECIFIED,Ord_2637
CRITICAL,Ord_2638
MEDIUM,Ord_2639
LOW,Ord_2640
MEDIUM,Ord_2641
LOW,Ord_2642
MEDIUM,Ord_2643
LOW,Ord_2644
CRITICAL,Ord_2645
HIGH,Ord_2646
CRITICAL,Ord_2647
CRITICAL,Ord_2648
CRITICAL,Ord_2649
HIGH,Ord_2650
NOT SPECIFIED,Ord_2651
CRITICAL,Ord_2652
HIGH,Ord_2653
LOW,Ord_2654
MEDIUM,Ord_2655
NOT SPECIFIED,Ord_2656
HIGH,Ord_2657
LOW,Ord_2658
LOW,Ord_2659
HIGH,Ord_2660
NOT SPECIFIED,Ord_2661
CRITICAL,Ord_2662
HIGH,Ord_2663
HIGH,Ord_2664
LOW,Ord_2665
MEDIUM,Ord_2666
NOT SPECIFIED,Ord_2667
CRITICAL,Ord_2668
CRITICAL,Ord_2669
CRITICAL,Ord_2670
MEDIUM,Ord_2671
HIGH,Ord_2672
MEDIUM,Ord_2673
CRITICAL,Ord_2674
CRITICAL,Ord_2675
NOT SPECIFIED,Ord_2676
LOW,Ord_2677
HIGH,Ord_2678
LOW,Ord_2679
NOT SPECIFIED,Ord_2680
MEDIUM,Ord_2681
CRITICAL,Ord_2682
MEDIUM,Ord_2683
MEDIUM,Ord_2684
LOW,Ord_2685
MEDIUM,Ord_2686
LOW,Ord_2687
NOT SPECIFIED,Ord_2688
NOT SPECIFIED,Ord_2689
LOW,Ord_2690
NOT SPECIFIED,Ord_2691
LOW,Ord_2692
CRITICAL,Ord_2693
MEDIUM,Ord_2694
MEDIUM,Ord_2695
LOW,Ord_2696
LOW,Ord_2697
MEDIUM,Ord_2698
HIGH,Ord_2699
LOW,Ord_2700
HIGH,Ord_2701
LOW,Ord_2702
HIGH,Ord_2703
CRITICAL,Ord_2704
CRITICAL,Ord_2705
HIGH,Ord_2706
HIGH,Ord_2707
CRITICAL,Ord_2708
CRITICAL,Ord_2709
MEDIUM,Ord_2710
LOW,Ord_2711
LOW,Ord_2712
LOW,Ord_2713
LOW,Ord_2714
HIGH,Ord_2715
CRITICAL,Ord_2716
LOW,Ord_2717
NOT SPECIFIED,Ord_2718
NOT SPECIFIED,Ord_2719
NOT SPECIFIED,Ord_2720
LOW,Ord_2721
CRITICAL,Ord_2722
HIGH,Ord_2723
HIGH,Ord_2724
NOT SPECIFIED,Ord_2725
LOW,Ord_2726
LOW,Ord_2727
HIGH,Ord_2728
HIGH,Ord_2729
MEDIUM,Ord_2730
CRITICAL,Ord_2731
CRITICAL,Ord_2732
HIGH,Ord_2733
MEDIUM,Ord_2734
CRITICAL,Ord_2735
LOW,Ord_2736
LOW,Ord_2737
NOT SPECIFIED,Ord_2738
NOT SPECIFIED,Ord_2739
LOW,Ord_2740
LOW,Ord_2741
LOW,Ord_2742
CRITICAL,Ord_2743
HIGH,Ord_2744
MEDIUM,Ord_2745
LOW,Ord_2746
CRITICAL,Ord_2747
MEDIUM,Ord_2748
NOT SPECIFIED,Ord_2749
NOT SPECIFIED,Ord_2750
HIGH,Ord_2751
LOW,Ord_2752
HIGH,Ord_2753
NOT SPECIFIED,Ord_2754
CRITICAL,Ord_2755
NOT SPECIFIED,Ord_2756
MEDIUM,Ord_2757
HIGH,Ord_2758
HIGH,Ord_2759
CRITICAL,Ord_2760
CRITICAL,Ord_2761
HIGH,Ord_2762
HIGH,Ord_2763
HIGH,Ord_2764
NOT SPECIFIED,Ord_2765
MEDIUM,Ord_2766
HIGH,Ord_2767
MEDIUM,Ord_2768
CRITICAL,Ord_2769
CRITICAL,Ord_2770
HIGH,Ord_2771
MEDIUM,Ord_2772
HIGH,Ord_2773
NOT SPECIFIED,Ord_2774
CRITICAL,Ord_2775
NOT SPECIFIED,Ord_2776
HIGH,Ord_2777
CRITICAL,Ord_2778
NOT SPECIFIED,Ord_2779
LOW,Ord_2780
NOT SPECIFIED,Ord_2781
LOW,Ord_2782
CRITICAL,Ord_2783
LOW,Ord_2784
CRITICAL,Ord_2785
LOW,Ord_2786
HIGH,Ord_2787
MEDIUM,Ord_2788
NOT SPECIFIED,Ord_2789
NOT SPECIFIED,Ord_2790
MEDIUM,Ord_2791
NOT SPECIFIED,Ord_2792
HIGH,Ord_2793
MEDIUM,Ord_2794
HIGH,Ord_2795
MEDIUM,Ord_2796
LOW,Ord_2797
HIGH,Ord_2798
LOW,Ord_2799
NOT SPECIFIED,Ord_2800
MEDIUM,Ord_2801
NOT SPECIFIED,Ord_2802
HIGH,Ord_2803
MEDIUM,Ord_2804
NOT SPECIFIED,Ord_2805
NOT SPECIFIED,Ord_2806
HIGH,Ord_2807
NOT SPECIFIED,Ord_2808
LOW,Ord_2809
HIGH,Ord_2810
MEDIUM,Ord_2811
HIGH,Ord_2812
CRITICAL,Ord_2813
CRITICAL,Ord_2814
NOT SPECIFIED,Ord_2815
HIGH,Ord_2816
LOW,Ord_2817
MEDIUM,Ord_2818
MEDIUM,Ord_2819
CRITICAL,Ord_2820
MEDIUM,Ord_2821
NOT SPECIFIED,Ord_2822
HIGH,Ord_2823
CRITICAL,Ord_2824
MEDIUM,Ord_2825
LOW,Ord_2826
CRITICAL,Ord_2827
HIGH,Ord_2828
CRITICAL,Ord_2829
CRITICAL,Ord_2830
NOT SPECIFIED,Ord_2831
HIGH,Ord_2832
LOW,Ord_2833
CRITICAL,Ord_2834
LOW,Ord_2835
NOT SPECIFIED,Ord_2836
CRITICAL,Ord_2837
LOW,Ord_2838
NOT SPECIFIED,Ord_2839
LOW,Ord_2840
CRITICAL,Ord_2841
HIGH,Ord_2842
MEDIUM,Ord_2843
CRITICAL,Ord_2844
MEDIUM,Ord_2845
CRITICAL,Ord_2846
CRITICAL,Ord_2847
NOT SPECIFIED,Ord_2848
CRITICAL,Ord_2849
MEDIUM,Ord_2850
LOW,Ord_2851
NOT SPECIFIED,Ord_2852
HIGH,Ord_2853
NOT SPECIFIED,Ord_2854
CRITICAL,Ord_2855
HIGH,Ord_2856
CRITICAL,Ord_2857
LOW,Ord_2858
CRITICAL,Ord_2859
MEDIUM,Ord_2860
CRITICAL,Ord_2861
LOW,Ord_2862
MEDIUM,Ord_2863
LOW,Ord_2864
MEDIUM,Ord_2865
NOT SPECIFIED,Ord_2866
CRITICAL,Ord_2867
CRITICAL,Ord_2868
MEDIUM,Ord_2869
MEDIUM,Ord_2870
CRITICAL,Ord_2871
LOW,Ord_2872
CRITICAL,Ord_2873
MEDIUM,Ord_2874
HIGH,Ord_2875
HIGH,Ord_2876
MEDIUM,Ord_2877
LOW,Ord_2878
CRITICAL,Ord_2879
NOT SPECIFIED,Ord_2880
HIGH,Ord_2881
LOW,Ord_2882
MEDIUM,Ord_2883
MEDIUM,Ord_2884
MEDIUM,Ord_2885
CRITICAL,Ord_2886
HIGH,Ord_2887
LOW,Ord_2888
NOT SPECIFIED,Ord_2889
MEDIUM,Ord_2890
MEDIUM,Ord_2891
MEDIUM,Ord_2892
NOT SPECIFIED,Ord_2893
HIGH,Ord_2894
MEDIUM,Ord_2895
CRITICAL,Ord_2896
HIGH,Ord_2897
HIGH,Ord_2898
MEDIUM,Ord_2899
CRITICAL,Ord_2900
LOW,Ord_2901
HIGH,Ord_2902
HIGH,Ord_2903
MEDIUM,Ord_2904
NOT SPECIFIED,Ord_2905
HIGH,Ord_2906
MEDIUM,Ord_2907
LOW,Ord_2908
CRITICAL,Ord_2909
CRITICAL,Ord_2910
CRITICAL,Ord_2911
HIGH,Ord_2912
LOW,Ord_2913
MEDIUM,Ord_2914
HIGH,Ord_2915
LOW,Ord_2916
CRITICAL,Ord_2917
NOT SPECIFIED,Ord_2918
LOW,Ord_2919
NOT SPECIFIED,Ord_2920
NOT SPECIFIED,Ord_2921
NOT SPECIFIED,Ord_2922
HIGH,Ord_2923
LOW,Ord_2924
HIGH,Ord_2925
LOW,Ord_2926
LOW,Ord_2927
MEDIUM,Ord_2928
NOT SPECIFIED,Ord_2929
NOT SPECIFIED,Ord_2930
MEDIUM,Ord_2931
NOT SPECIFIED,Ord_2932
NOT SPECIFIED,Ord_2933
HIGH,Ord_2934
HIGH,Ord_2935
LOW,Ord_2936
LOW,Ord_2937
LOW,Ord_2938
MEDIUM,Ord_2939
CRITICAL,Ord_2940
LOW,Ord_2941
HIGH,Ord_2942
NOT SPECIFIED,Ord_2943
HIGH,Ord_2944
MEDIUM,Ord_2945
MEDIUM,Ord_2946
MEDIUM,Ord_2947
NOT SPECIFIED,Ord_2948
HIGH,Ord_2949
HIGH,Ord_2950
CRITICAL,Ord_2951
HIGH,Ord_2952
NOT SPECIFIED,Ord_2953
MEDIUM,Ord_2954
HIGH,Ord_2955
CRITICAL,Ord_2956
CRITICAL,Ord_2957
HIGH,Ord_2958
LOW,Ord_2959
MEDIUM,Ord_2960
CRITICAL,Ord_2961
CRITICAL,Ord_2962
MEDIUM,Ord_2963
CRITICAL,Ord_2964
CRITICAL,Ord_2965
LOW,Ord_2966
HIGH,Ord_2967
LOW,Ord_2968
HIGH,Ord_2969
MEDIUM,Ord_2970
HIGH,Ord_2971
MEDIUM,Ord_2972
CRITICAL,Ord_2973
LOW,Ord_2974
MEDIUM,Ord_2975
CRITICAL,Ord_2976
CRITICAL,Ord_2977
HIGH,Ord_2978
HIGH,Ord_2979
NOT SPECIFIED,Ord_2980
MEDIUM,Ord_2981
HIGH,Ord_2982
MEDIUM,Ord_2983
CRITICAL,Ord_2984
CRITICAL,Ord_2985
NOT SPECIFIED,Ord_2986
NOT SPECIFIED,Ord_2987
NOT SPECIFIED,Ord_2988
NOT SPECIFIED,Ord_2989
CRITICAL,Ord_2990
LOW,Ord_2991
HIGH,Ord_2992
NOT SPECIFIED,Ord_2993
HIGH,Ord_2994
LOW,Ord_2995
MEDIUM,Ord_2996
HIGH,Ord_2997
MEDIUM,Ord_2998
NOT SPECIFIED,Ord_2999
NOT SPECIFIED,Ord_3000
LOW,Ord_3001
CRITICAL,Ord_3002
HIGH,Ord_3003
CRITICAL,Ord_3004
HIGH,Ord_3005
NOT SPECIFIED,Ord_3006
HIGH,Ord_3007
NOT SPECIFIED,Ord_3008
HIGH,Ord_3009
NOT SPECIFIED,Ord_3010
HIGH,Ord_3011
MEDIUM,Ord_3012
HIGH,Ord_3013
CRITICAL,Ord_3014
HIGH,Ord_3015
LOW,Ord_3016
NOT SPECIFIED,Ord_3017
CRITICAL,Ord_3018
CRITICAL,Ord_3019
CRITICAL,Ord_3020
HIGH,Ord_3021
NOT SPECIFIED,Ord_3022
CRITICAL,Ord_3023
NOT SPECIFIED,Ord_3024
NOT SPECIFIED,Ord_3025
HIGH,Ord_3026
MEDIUM,Ord_3027
NOT SPECIFIED,Ord_3028
MEDIUM,Ord_3029
MEDIUM,Ord_3030
CRITICAL,Ord_3031
NOT SPECIFIED,Ord_3032
CRITICAL,Ord_3033
NOT SPECIFIED,Ord_3034
NOT SPECIFIED,Ord_3035
LOW,Ord_3036
LOW,Ord_3037
CRITICAL,Ord_3038
HIGH,Ord_3039
NOT SPECIFIED,Ord_3040
HIGH,Ord_3041
MEDIUM,Ord_3042
LOW,Ord_3043
NOT SPECIFIED,Ord_3044
MEDIUM,Ord_3045
HIGH,Ord_3046
MEDIUM,Ord_3047
HIGH,Ord_3048
HIGH,Ord_3049
HIGH,Ord_3050
NOT SPECIFIED,Ord_3051
CRITICAL,Ord_3052
LOW,Ord_3053
NOT SPECIFIED,Ord_3054
HIGH,Ord_3055
NOT SPECIFIED,Ord_3056
HIGH,Ord_3057
CRITICAL,Ord_3058
HIGH,Ord_3059
MEDIUM,Ord_3060
HIGH,Ord_3061
MEDIUM,Ord_3062
MEDIUM,Ord_3063
NOT SPECIFIED,Ord_3064
NOT SPECIFIED,Ord_3065
CRITICAL,Ord_3066
NOT SPECIFIED,Ord_3067
LOW,Ord_3068
NOT SPECIFIED,Ord_3069
NOT SPECIFIED,Ord_3070
NOT SPECIFIED,Ord_3071
HIGH,Ord_3072
MEDIUM,Ord_3073
MEDIUM,Ord_3074
MEDIUM,Ord_3075
NOT SPECIFIED,Ord_3076
CRITICAL,Ord_3077
MEDIUM,Ord_3078
LOW,Ord_3079
NOT SPECIFIED,Ord_3080
NOT SPECIFIED,Ord_3081
NOT SPECIFIED,Ord_3082
CRITICAL,Ord_3083
MEDIUM,Ord_3084
LOW,Ord_3085
CRITICAL,Ord_3086
LOW,Ord_3087
LOW,Ord_3088
MEDIUM,Ord_3089
CRITICAL,Ord_3090
CRITICAL,Ord_3091
HIGH,Ord_3092
CRITICAL,Ord_3093
HIGH,Ord_3094
HIGH,Ord_3095
LOW,Ord_3096
HIGH,Ord_3097
HIGH,Ord_3098
LOW,Ord_3099
NOT SPECIFIED,Ord_3100
CRITICAL,Ord_3101
LOW,Ord_3102
MEDIUM,Ord_3103
HIGH,Ord_3104
CRITICAL,Ord_3105
CRITICAL,Ord_3106
CRITICAL,Ord_3107
CRITICAL,Ord_3108
LOW,Ord_3109
MEDIUM,Ord_3110
HIGH,Ord_3111
NOT SPECIFIED,Ord_3112
MEDIUM,Ord_3113
LOW,Ord_3114
MEDIUM,Ord_3115
CRITICAL,Ord_3116
CRITICAL,Ord_3117
HIGH,Ord_3118
CRITICAL,Ord_3119
MEDIUM,Ord_3120
LOW,Ord_3121
MEDIUM,Ord_3122
HIGH,Ord_3123
MEDIUM,Ord_3124
CRITICAL,Ord_3125
CRITICAL,Ord_3126
NOT SPECIFIED,Ord_3127
CRITICAL,Ord_3128
LOW,Ord_3129
CRITICAL,Ord_3130
HIGH,Ord_3131
NOT SPECIFIED,Ord_3132
NOT SPECIFIED,Ord_3133
NOT SPECIFIED,Ord_3134
HIGH,Ord_3135
LOW,Ord_3136
LOW,Ord_3137
HIGH,Ord_3138
NOT SPECIFIED,Ord_3139
NOT SPECIFIED,Ord_3140
CRITICAL,Ord_3141
NOT SPECIFIED,Ord_3142
HIGH,Ord_3143
LOW,Ord_3144
MEDIUM,Ord_3145
MEDIUM,Ord_3146
CRITICAL,Ord_3147
NOT SPECIFIED,Ord_3148
MEDIUM,Ord_3149
LOW,Ord_3150
MEDIUM,Ord_3151
MEDIUM,Ord_3152
CRITICAL,Ord_3153
LOW,Ord_3154
MEDIUM,Ord_3155
CRITICAL,Ord_3156
HIGH,Ord_3157
LOW,Ord_3158
CRITICAL,Ord_3159
LOW,Ord_3160
NOT SPECIFIED,Ord_3161
NOT SPECIFIED,Ord_3162
HIGH,Ord_3163
HIGH,Ord_3164
NOT SPECIFIED,Ord_3165
CRITICAL,Ord_3166
HIGH,Ord_3167
HIGH,Ord_3168
LOW,Ord_3169
LOW,Ord_3170
LOW,Ord_3171
LOW,Ord_3172
LOW,Ord_3173
HIGH,Ord_3174
LOW,Ord_3175
MEDIUM,Ord_3176
NOT SPECIFIED,Ord_3177
MEDIUM,Ord_3178
HIGH,Ord_3179
CRITICAL,Ord_3180
MEDIUM,Ord_3181
NOT SPECIFIED,Ord_3182
CRITICAL,Ord_3183
HIGH,Ord_3184
NOT SPECIFIED,Ord_3185
LOW,Ord_3186
HIGH,Ord_3187
LOW,Ord_3188
MEDIUM,Ord_3189
HIGH,Ord_3190
MEDIUM,Ord_3191
NOT SPECIFIED,Ord_3192
CRITICAL,Ord_3193
NOT SPECIFIED,Ord_3194
MEDIUM,Ord_3195
NOT SPECIFIED,Ord_3196
MEDIUM,Ord_3197
HIGH,Ord_3198
HIGH,Ord_3199
CRITICAL,Ord_3200
MEDIUM,Ord_3201
HIGH,Ord_3202
HIGH,Ord_3203
HIGH,Ord_3204
HIGH,Ord_3205
CRITICAL,Ord_3206
LOW,Ord_3207
CRITICAL,Ord_3208
NOT SPECIFIED,Ord_3209
CRITICAL,Ord_3210
MEDIUM,Ord_3211
CRITICAL,Ord_3212
LOW,Ord_3213
HIGH,Ord_3214
HIGH,Ord_3215
HIGH,Ord_3216
MEDIUM,Ord_3217
MEDIUM,Ord_3218
CRITICAL,Ord_3219
NOT SPECIFIED,Ord_3220
MEDIUM,Ord_3221
LOW,Ord_3222
MEDIUM,Ord_3223
LOW,Ord_3224
CRITICAL,Ord_3225
CRITICAL,Ord_3226
MEDIUM,Ord_3227
LOW,Ord_3228
HIGH,Ord_3229
HIGH,Ord_3230
MEDIUM,Ord_3231
CRITICAL,Ord_3232
LOW,Ord_3233
LOW,Ord_3234
CRITICAL,Ord_3235
HIGH,Ord_3236
MEDIUM,Ord_3237
LOW,Ord_3238
NOT SPECIFIED,Ord_3239
MEDIUM,Ord_3240
MEDIUM,Ord_3241
LOW,Ord_3242
HIGH,Ord_3243
CRITICAL,Ord_3244
MEDIUM,Ord_3245
HIGH,Ord_3246
HIGH,Ord_3247
HIGH,Ord_3248
MEDIUM,Ord_3249
LOW,Ord_3250
LOW,Ord_3251
LOW,Ord_3252
NOT SPECIFIED,Ord_3253
NOT SPECIFIED,Ord_3254
CRITICAL,Ord_3255
MEDIUM,Ord_3256
NOT SPECIFIED,Ord_3257
NOT SPECIFIED,Ord_3258
MEDIUM,Ord_3259
MEDIUM,Ord_3260
HIGH,Ord_3261
HIGH,Ord_3262
LOW,Ord_3263
CRITICAL,Ord_3264
NOT SPECIFIED,Ord_3265
LOW,Ord_3266
CRITICAL,Ord_3267
NOT SPECIFIED,Ord_3268
CRITICAL,Ord_3269
MEDIUM,Ord_3270
HIGH,Ord_3271
MEDIUM,Ord_3272
NOT SPECIFIED,Ord_3273
MEDIUM,Ord_3274
HIGH,Ord_3275
MEDIUM,Ord_3276
NOT SPECIFIED,Ord_3277
NOT SPECIFIED,Ord_3278
NOT SPECIFIED,Ord_3279
MEDIUM,Ord_3280
HIGH,Ord_3281
LOW,Ord_3282
NOT SPECIFIED,Ord_3283
CRITICAL,Ord_3284
LOW,Ord_3285
NOT SPECIFIED,Ord_3286
LOW,Ord_3287
LOW,Ord_3288
LOW,Ord_3289
NOT SPECIFIED,Ord_3290
NOT SPECIFIED,Ord_3291
HIGH,Ord_3292
LOW,Ord_3293
CRITICAL,Ord_3294
CRITICAL,Ord_3295
CRITICAL,Ord_3296
NOT SPECIFIED,Ord_3297
CRITICAL,Ord_3298
LOW,Ord_3299
LOW,Ord_3300
NOT SPECIFIED,Ord_3301
LOW,Ord_3302
MEDIUM,Ord_3303
CRITICAL,Ord_3304
MEDIUM,Ord_3305
CRITICAL,Ord_3306
LOW,Ord_3307
LOW,Ord_3308
LOW,Ord_3309
LOW,Ord_3310
LOW,Ord_3311
NOT SPECIFIED,Ord_3312
LOW,Ord_3313
MEDIUM,Ord_3314
CRITICAL,Ord_3315
HIGH,Ord_3316
NOT SPECIFIED,Ord_3317
LOW,Ord_3318
MEDIUM,Ord_3319
HIGH,Ord_3320
LOW,Ord_3321
CRITICAL,Ord_3322
LOW,Ord_3323
HIGH,Ord_3324
LOW,Ord_3325
MEDIUM,Ord_3326
HIGH,Ord_3327
HIGH,Ord_3328
NOT SPECIFIED,Ord_3329
MEDIUM,Ord_3330
HIGH,Ord_3331
HIGH,Ord_3332
HIGH,Ord_3333
HIGH,Ord_3334
HIGH,Ord_3335
CRITICAL,Ord_3336
NOT SPECIFIED,Ord_3337
LOW,Ord_3338
MEDIUM,Ord_3339
NOT SPECIFIED,Ord_3340
HIGH,Ord_3341
CRITICAL,Ord_3342
MEDIUM,Ord_3343
MEDIUM,Ord_3344
HIGH,Ord_3345
LOW,Ord_3346
CRITICAL,Ord_3347
MEDIUM,Ord_3348
NOT SPECIFIED,Ord_3349
CRITICAL,Ord_3350
HIGH,Ord_3351
NOT SPECIFIED,Ord_3352
HIGH,Ord_3353
LOW,Ord_3354
CRITICAL,Ord_3355
NOT SPECIFIED,Ord_3356
LOW,Ord_3357
LOW,Ord_3358
HIGH,Ord_3359
CRITICAL,Ord_3360
MEDIUM,Ord_3361
LOW,Ord_3362
MEDIUM,Ord_3363
HIGH,Ord_3364
LOW,Ord_3365
MEDIUM,Ord_3366
LOW,Ord_3367
MEDIUM,Ord_3368
CRITICAL,Ord_3369
HIGH,Ord_3370
CRITICAL,Ord_3371
MEDIUM,Ord_3372
MEDIUM,Ord_3373
MEDIUM,Ord_3374
LOW,Ord_3375
HIGH,Ord_3376
LOW,Ord_3377
NOT SPECIFIED,Ord_3378
HIGH,Ord_3379
CRITICAL,Ord_3380
MEDIUM,Ord_3381
LOW,Ord_3382
MEDIUM,Ord_3383
LOW,Ord_3384
HIGH,Ord_3385
CRITICAL,Ord_3386
CRITICAL,Ord_3387
LOW,Ord_3388
LOW,Ord_3389
NOT SPECIFIED,Ord_3390
MEDIUM,Ord_3391
LOW,Ord_3392
MEDIUM,Ord_3393
NOT SPECIFIED,Ord_3394
CRITICAL,Ord_3395
CRITICAL,Ord_3396
NOT SPECIFIED,Ord_3397
MEDIUM,Ord_3398
LOW,Ord_3399
CRITICAL,Ord_3400
MEDIUM,Ord_3401
NOT SPECIFIED,Ord_3402
MEDIUM,Ord_3403
HIGH,Ord_3404
MEDIUM,Ord_3405
NOT SPECIFIED,Ord_3406
LOW,Ord_3407
HIGH,Ord_3408
LOW,Ord_3409
NOT SPECIFIED,Ord_3410
NOT SPECIFIED,Ord_3411
LOW,Ord_3412
HIGH,Ord_3413
CRITICAL,Ord_3414
MEDIUM,Ord_3415
NOT SPECIFIED,Ord_3416
NOT SPECIFIED,Ord_3417
HIGH,Ord_3418
MEDIUM,Ord_3419
HIGH,Ord_3420
LOW,Ord_3421
CRITICAL,Ord_3422
MEDIUM,Ord_3423
NOT SPECIFIED,Ord_3424
CRITICAL,Ord_3425
MEDIUM,Ord_3426
CRITICAL,Ord_3427
MEDIUM,Ord_3428
HIGH,Ord_3429
CRITICAL,Ord_3430
MEDIUM,Ord_3431
NOT SPECIFIED,Ord_3432
HIGH,Ord_3433
MEDIUM,Ord_3434
HIGH,Ord_3435
MEDIUM,Ord_3436
MEDIUM,Ord_3437
LOW,Ord_3438
HIGH,Ord_3439
MEDIUM,Ord_3440
HIGH,Ord_3441
MEDIUM,Ord_3442
CRITICAL,Ord_3443
CRITICAL,Ord_3444
LOW,Ord_3445
HIGH,Ord_3446
CRITICAL,Ord_3447
LOW,Ord_3448
NOT SPECIFIED,Ord_3449
MEDIUM,Ord_3450
LOW,Ord_3451
HIGH,Ord_3452
HIGH,Ord_3453
MEDIUM,Ord_3454
NOT SPECIFIED,Ord_3455
HIGH,Ord_3456
CRITICAL,Ord_3457
MEDIUM,Ord_3458
LOW,Ord_3459
CRITICAL,Ord_3460
LOW,Ord_3461
CRITICAL,Ord_3462
HIGH,Ord_3463
HIGH,Ord_3464
NOT SPECIFIED,Ord_3465
LOW,Ord_3466
HIGH,Ord_3467
CRITICAL,Ord_3468
HIGH,Ord_3469
MEDIUM,Ord_3470
LOW,Ord_3471
NOT SPECIFIED,Ord_3472
MEDIUM,Ord_3473
NOT SPECIFIED,Ord_3474
MEDIUM,Ord_3475
CRITICAL,Ord_3476
MEDIUM,Ord_3477
NOT SPECIFIED,Ord_3478
NOT SPECIFIED,Ord_3479
LOW,Ord_3480
NOT SPECIFIED,Ord_3481
MEDIUM,Ord_3482
HIGH,Ord_3483
NOT SPECIFIED,Ord_3484
CRITICAL,Ord_3485
NOT SPECIFIED,Ord_3486
CRITICAL,Ord_3487
LOW,Ord_3488
LOW,Ord_3489
MEDIUM,Ord_3490
CRITICAL,Ord_3491
MEDIUM,Ord_3492
HIGH,Ord_3493
NOT SPECIFIED,Ord_3494
HIGH,Ord_3495
HIGH,Ord_3496
HIGH,Ord_3497
LOW,Ord_3498
CRITICAL,Ord_3499
HIGH,Ord_3500
CRITICAL,Ord_3501
MEDIUM,Ord_3502
MEDIUM,Ord_3503
CRITICAL,Ord_3504
LOW,Ord_3505
MEDIUM,Ord_3506
MEDIUM,Ord_3507
CRITICAL,Ord_3508
HIGH,Ord_3509
NOT SPECIFIED,Ord_3510
MEDIUM,Ord_3511
MEDIUM,Ord_3512
CRITICAL,Ord_3513
LOW,Ord_3514
MEDIUM,Ord_3515
CRITICAL,Ord_3516
MEDIUM,Ord_3517
HIGH,Ord_3518
HIGH,Ord_3519
MEDIUM,Ord_3520
HIGH,Ord_3521
MEDIUM,Ord_3522
NOT SPECIFIED,Ord_3523
MEDIUM,Ord_3524
LOW,Ord_3525
HIGH,Ord_3526
MEDIUM,Ord_3527
LOW,Ord_3528
HIGH,Ord_3529
CRITICAL,Ord_3530
LOW,Ord_3531
LOW,Ord_3532
HIGH,Ord_3533
NOT SPECIFIED,Ord_3534
LOW,Ord_3535
CRITICAL,Ord_3536
LOW,Ord_3537
HIGH,Ord_3538
CRITICAL,Ord_3539
MEDIUM,Ord_3540
MEDIUM,Ord_3541
HIGH,Ord_3542
NOT SPECIFIED,Ord_3543
NOT SPECIFIED,Ord_3544
LOW,Ord_3545
MEDIUM,Ord_3546
HIGH,Ord_3547
MEDIUM,Ord_3548
CRITICAL,Ord_3549
CRITICAL,Ord_3550
CRITICAL,Ord_3551
NOT SPECIFIED,Ord_3552
CRITICAL,Ord_3553
MEDIUM,Ord_3554
CRITICAL,Ord_3555
NOT SPECIFIED,Ord_3556
LOW,Ord_3557
CRITICAL,Ord_3558
NOT SPECIFIED,Ord_3559
LOW,Ord_3560
MEDIUM,Ord_3561
HIGH,Ord_3562
CRITICAL,Ord_3563
CRITICAL,Ord_3564
CRITICAL,Ord_3565
LOW,Ord_3566
LOW,Ord_3567
LOW,Ord_3568
LOW,Ord_3569
MEDIUM,Ord_3570
NOT SPECIFIED,Ord_3571
NOT SPECIFIED,Ord_3572
LOW,Ord_3573
LOW,Ord_3574
HIGH,Ord_3575
HIGH,Ord_3576
LOW,Ord_3577
HIGH,Ord_3578
LOW,Ord_3579
CRITICAL,Ord_3580
LOW,Ord_3581
CRITICAL,Ord_3582
HIGH,Ord_3583
NOT SPECIFIED,Ord_3584
HIGH,Ord_3585
MEDIUM,Ord_3586
HIGH,Ord_3587
MEDIUM,Ord_3588
CRITICAL,Ord_3589
NOT SPECIFIED,Ord_3590
NOT SPECIFIED,Ord_3591
NOT SPECIFIED,Ord_3592
CRITICAL,Ord_3593
HIGH,Ord_3594
HIGH,Ord_3595
LOW,Ord_3596
NOT SPECIFIED,Ord_3597
CRITICAL,Ord_3598
HIGH,Ord_3599
LOW,Ord_3600
HIGH,Ord_3601
CRITICAL,Ord_3602
LOW,Ord_3603
NOT SPECIFIED,Ord_3604
CRITICAL,Ord_3605
NOT SPECIFIED,Ord_3606
LOW,Ord_3607
MEDIUM,Ord_3608
LOW,Ord_3609
NOT SPECIFIED,Ord_3610
MEDIUM,Ord_3611
HIGH,Ord_3612
LOW,Ord_3613
CRITICAL,Ord_3614
HIGH,Ord_3615
NOT SPECIFIED,Ord_3616
HIGH,Ord_3617
MEDIUM,Ord_3618
LOW,Ord_3619
NOT SPECIFIED,Ord_3620
NOT SPECIFIED,Ord_3621
NOT SPECIFIED,Ord_3622
CRITICAL,Ord_3623
HIGH,Ord_3624
MEDIUM,Ord_3625
MEDIUM,Ord_3626
NOT SPECIFIED,Ord_3627
NOT SPECIFIED,Ord_3628
MEDIUM,Ord_3629
CRITICAL,Ord_3630
LOW,Ord_3631
CRITICAL,Ord_3632
MEDIUM,Ord_3633
CRITICAL,Ord_3634
CRITICAL,Ord_3635
MEDIUM,Ord_3636
CRITICAL,Ord_3637
NOT SPECIFIED,Ord_3638
NOT SPECIFIED,Ord_3639
HIGH,Ord_3640
LOW,Ord_3641
HIGH,Ord_3642
CRITICAL,Ord_3643
CRITICAL,Ord_3644
CRITICAL,Ord_3645
LOW,Ord_3646
LOW,Ord_3647
MEDIUM,Ord_3648
NOT SPECIFIED,Ord_3649
LOW,Ord_3650
HIGH,Ord_3651
HIGH,Ord_3652
NOT SPECIFIED,Ord_3653
LOW,Ord_3654
HIGH,Ord_3655
LOW,Ord_3656
NOT SPECIFIED,Ord_3657
NOT SPECIFIED,Ord_3658
NOT SPECIFIED,Ord_3659
MEDIUM,Ord_3660
CRITICAL,Ord_3661
HIGH,Ord_3662
MEDIUM,Ord_3663
LOW,Ord_3664
MEDIUM,Ord_3665
HIGH,Ord_3666
NOT SPECIFIED,Ord_3667
CRITICAL,Ord_3668
CRITICAL,Ord_3669
CRITICAL,Ord_3670
MEDIUM,Ord_3671
HIGH,Ord_3672
NOT SPECIFIED,Ord_3673
LOW,Ord_3674
NOT SPECIFIED,Ord_3675
MEDIUM,Ord_3676
CRITICAL,Ord_3677
CRITICAL,Ord_3678
NOT SPECIFIED,Ord_3679
MEDIUM,Ord_3680
NOT SPECIFIED,Ord_3681
MEDIUM,Ord_3682
LOW,Ord_3683
MEDIUM,Ord_3684
NOT SPECIFIED,Ord_3685
LOW,Ord_3686
LOW,Ord_3687
HIGH,Ord_3688
HIGH,Ord_3689
LOW,Ord_3690
NOT SPECIFIED,Ord_3691
HIGH,Ord_3692
LOW,Ord_3693
MEDIUM,Ord_3694
NOT SPECIFIED,Ord_3695
LOW,Ord_3696
NOT SPECIFIED,Ord_3697
CRITICAL,Ord_3698
HIGH,Ord_3699
LOW,Ord_3700
CRITICAL,Ord_3701
CRITICAL,Ord_3702
MEDIUM,Ord_3703
MEDIUM,Ord_3704
LOW,Ord_3705
MEDIUM,Ord_3706
LOW,Ord_3707
HIGH,Ord_3708
NOT SPECIFIED,Ord_3709
HIGH,Ord_3710
MEDIUM,Ord_3711
CRITICAL,Ord_3712
MEDIUM,Ord_3713
CRITICAL,Ord_3714
LOW,Ord_3715
HIGH,Ord_3716
NOT SPECIFIED,Ord_3717
HIGH,Ord_3718
NOT SPECIFIED,Ord_3719
NOT SPECIFIED,Ord_3720
LOW,Ord_3721
HIGH,Ord_3722
LOW,Ord_3723
CRITICAL,Ord_3724
MEDIUM,Ord_3725
HIGH,Ord_3726
NOT SPECIFIED,Ord_3727
HIGH,Ord_3728
HIGH,Ord_3729
MEDIUM,Ord_3730
MEDIUM,Ord_3731
NOT SPECIFIED,Ord_3732
HIGH,Ord_3733
HIGH,Ord_3734
MEDIUM,Ord_3735
NOT SPECIFIED,Ord_3736
LOW,Ord_3737
HIGH,Ord_3738
LOW,Ord_3739
CRITICAL,Ord_3740
LOW,Ord_3741
HIGH,Ord_3742
NOT SPECIFIED,Ord_3743
NOT SPECIFIED,Ord_3744
CRITICAL,Ord_3745
CRITICAL,Ord_3746
NOT SPECIFIED,Ord_3747
HIGH,Ord_3748
MEDIUM,Ord_3749
HIGH,Ord_3750
MEDIUM,Ord_3751
LOW,Ord_3752
NOT SPECIFIED,Ord_3753
NOT SPECIFIED,Ord_3754
LOW,Ord_3755
LOW,Ord_3756
MEDIUM,Ord_3757
MEDIUM,Ord_3758
HIGH,Ord_3759
NOT SPECIFIED,Ord_3760
LOW,Ord_3761
MEDIUM,Ord_3762
HIGH,Ord_3763
CRITICAL,Ord_3764
MEDIUM,Ord_3765
LOW,Ord_3766
LOW,Ord_3767
CRITICAL,Ord_3768
NOT SPECIFIED,Ord_3769
CRITICAL,Ord_3770
MEDIUM,Ord_3771
NOT SPECIFIED,Ord_3772
CRITICAL,Ord_3773
LOW,Ord_3774
HIGH,Ord_3775
NOT SPECIFIED,Ord_3776
MEDIUM,Ord_3777
CRITICAL,Ord_3778
MEDIUM,Ord_3779
NOT SPECIFIED,Ord_3780
LOW,Ord_3781
LOW,Ord_3782
HIGH,Ord_3783
NOT SPECIFIED,Ord_3784
MEDIUM,Ord_3785
MEDIUM,Ord_3786
CRITICAL,Ord_3787
MEDIUM,Ord_3788
NOT SPECIFIED,Ord_3789
LOW,Ord_3790
HIGH,Ord_3791
NOT SPECIFIED,Ord_3792
LOW,Ord_3793
MEDIUM,Ord_3794
MEDIUM,Ord_3795
MEDIUM,Ord_3796
LOW,Ord_3797
HIGH,Ord_3798
NOT SPECIFIED,Ord_3799
HIGH,Ord_3800
HIGH,Ord_3801
HIGH,Ord_3802
LOW,Ord_3803
NOT SPECIFIED,Ord_3804
NOT SPECIFIED,Ord_3805
HIGH,Ord_3806
NOT SPECIFIED,Ord_3807
CRITICAL,Ord_3808
HIGH,Ord_3809
LOW,Ord_3810
MEDIUM,Ord_3811
HIGH,Ord_3812
CRITICAL,Ord_3813
MEDIUM,Ord_3814
HIGH,Ord_3815
NOT SPECIFIED,Ord_3816
NOT SPECIFIED,Ord_3817
MEDIUM,Ord_3818
NOT SPECIFIED,Ord_3819
CRITICAL,Ord_3820
HIGH,Ord_3821
LOW,Ord_3822
CRITICAL,Ord_3823
HIGH,Ord_3824
CRITICAL,Ord_3825
LOW,Ord_3826
HIGH,Ord_3827
NOT SPECIFIED,Ord_3828
NOT SPECIFIED,Ord_3829
NOT SPECIFIED,Ord_3830
HIGH,Ord_3831
NOT SPECIFIED,Ord_3832
CRITICAL,Ord_3833
CRITICAL,Ord_3834
LOW,Ord_3835
NOT SPECIFIED,Ord_3836
CRITICAL,Ord_3837
HIGH,Ord_3838
HIGH,Ord_3839
MEDIUM,Ord_3840
HIGH,Ord_3841
MEDIUM,Ord_3842
HIGH,Ord_3843
LOW,Ord_3844
HIGH,Ord_3845
NOT SPECIFIED,Ord_3846
MEDIUM,Ord_3847
LOW,Ord_3848
MEDIUM,Ord_3849
LOW,Ord_3850
LOW,Ord_3851
MEDIUM,Ord_3852
HIGH,Ord_3853
NOT SPECIFIED,Ord_3854
HIGH,Ord_3855
MEDIUM,Ord_3856
NOT SPECIFIED,Ord_3857
MEDIUM,Ord_3858
HIGH,Ord_3859
MEDIUM,Ord_3860
CRITICAL,Ord_3861
LOW,Ord_3862
MEDIUM,Ord_3863
CRITICAL,Ord_3864
HIGH,Ord_3865
MEDIUM,Ord_3866
CRITICAL,Ord_3867
HIGH,Ord_3868
HIGH,Ord_3869
CRITICAL,Ord_3870
MEDIUM,Ord_3871
NOT SPECIFIED,Ord_3872
MEDIUM,Ord_3873
LOW,Ord_3874
CRITICAL,Ord_3875
HIGH,Ord_3876
HIGH,Ord_3877
CRITICAL,Ord_3878
HIGH,Ord_3879
MEDIUM,Ord_3880
HIGH,Ord_3881
MEDIUM,Ord_3882
HIGH,Ord_3883
CRITICAL,Ord_3884
NOT SPECIFIED,Ord_3885
HIGH,Ord_3886
CRITICAL,Ord_3887
CRITICAL,Ord_3888
NOT SPECIFIED,Ord_3889
CRITICAL,Ord_3890
LOW,Ord_3891
NOT SPECIFIED,Ord_3892
LOW,Ord_3893
LOW,Ord_3894
MEDIUM,Ord_3895
CRITICAL,Ord_3896
HIGH,Ord_3897
LOW,Ord_3898
CRITICAL,Ord_3899
HIGH,Ord_3900
NOT SPECIFIED,Ord_3901
MEDIUM,Ord_3902
HIGH,Ord_3903
NOT SPECIFIED,Ord_3904
LOW,Ord_3905
HIGH,Ord_3906
HIGH,Ord_3907
NOT SPECIFIED,Ord_3908
NOT SPECIFIED,Ord_3909
CRITICAL,Ord_3910
CRITICAL,Ord_3911
MEDIUM,Ord_3912
CRITICAL,Ord_3913
HIGH,Ord_3914
NOT SPECIFIED,Ord_3915
MEDIUM,Ord_3916
MEDIUM,Ord_3917
CRITICAL,Ord_3918
NOT SPECIFIED,Ord_3919
HIGH,Ord_3920
MEDIUM,Ord_3921
CRITICAL,Ord_3922
LOW,Ord_3923
HIGH,Ord_3924
LOW,Ord_3925
NOT SPECIFIED,Ord_3926
NOT SPECIFIED,Ord_3927
MEDIUM,Ord_3928
CRITICAL,Ord_3929
NOT SPECIFIED,Ord_3930
CRITICAL,Ord_3931
HIGH,Ord_3932
HIGH,Ord_3933
LOW,Ord_3934
CRITICAL,Ord_3935
CRITICAL,Ord_3936
LOW,Ord_3937
NOT SPECIFIED,Ord_3938
CRITICAL,Ord_3939
HIGH,Ord_3940
MEDIUM,Ord_3941
CRITICAL,Ord_3942
CRITICAL,Ord_3943
HIGH,Ord_3944
MEDIUM,Ord_3945
CRITICAL,Ord_3946
MEDIUM,Ord_3947
LOW,Ord_3948
MEDIUM,Ord_3949
MEDIUM,Ord_3950
NOT SPECIFIED,Ord_3951
NOT SPECIFIED,Ord_3952
NOT SPECIFIED,Ord_3953
HIGH,Ord_3954
CRITICAL,Ord_3955
CRITICAL,Ord_3956
HIGH,Ord_3957
NOT SPECIFIED,Ord_3958
NOT SPECIFIED,Ord_3959
CRITICAL,Ord_3960
MEDIUM,Ord_3961
LOW,Ord_3962
CRITICAL,Ord_3963
CRITICAL,Ord_3964
CRITICAL,Ord_3965
MEDIUM,Ord_3966
HIGH,Ord_3967
LOW,Ord_3968
MEDIUM,Ord_3969
HIGH,Ord_3970
MEDIUM,Ord_3971
NOT SPECIFIED,Ord_3972
CRITICAL,Ord_3973
NOT SPECIFIED,Ord_3974
NOT SPECIFIED,Ord_3975
NOT SPECIFIED,Ord_3976
CRITICAL,Ord_3977
LOW,Ord_3978
NOT SPECIFIED,Ord_3979
NOT SPECIFIED,Ord_3980
CRITICAL,Ord_3981
LOW,Ord_3982
NOT SPECIFIED,Ord_3983
CRITICAL,Ord_3984
LOW,Ord_3985
LOW,Ord_3986
LOW,Ord_3987
CRITICAL,Ord_3988
MEDIUM,Ord_3989
MEDIUM,Ord_3990
HIGH,Ord_3991
LOW,Ord_3992
NOT SPECIFIED,Ord_3993
HIGH,Ord_3994
HIGH,Ord_3995
MEDIUM,Ord_3996
NOT SPECIFIED,Ord_3997
MEDIUM,Ord_3998
HIGH,Ord_3999
LOW,Ord_4000
CRITICAL,Ord_4001
NOT SPECIFIED,Ord_4002
HIGH,Ord_4003
HIGH,Ord_4004
NOT SPECIFIED,Ord_4005
NOT SPECIFIED,Ord_4006
CRITICAL,Ord_4007
CRITICAL,Ord_4008
NOT SPECIFIED,Ord_4009
NOT SPECIFIED,Ord_4010
MEDIUM,Ord_4011
MEDIUM,Ord_4012
MEDIUM,Ord_4013
HIGH,Ord_4014
HIGH,Ord_4015
MEDIUM,Ord_4016
MEDIUM,Ord_4017
CRITICAL,Ord_4018
LOW,Ord_4019
HIGH,Ord_4020
LOW,Ord_4021
CRITICAL,Ord_4022
MEDIUM,Ord_4023
NOT SPECIFIED,Ord_4024
CRITICAL,Ord_4025
MEDIUM,Ord_4026
CRITICAL,Ord_4027
CRITICAL,Ord_4028
CRITICAL,Ord_4029
NOT SPECIFIED,Ord_4030
CRITICAL,Ord_4031
CRITICAL,Ord_4032
NOT SPECIFIED,Ord_4033
MEDIUM,Ord_4034
MEDIUM,Ord_4035
LOW,Ord_4036
LOW,Ord_4037
HIGH,Ord_4038
HIGH,Ord_4039
HIGH,Ord_4040
LOW,Ord_4041
HIGH,Ord_4042
LOW,Ord_4043
LOW,Ord_4044
MEDIUM,Ord_4045
CRITICAL,Ord_4046
MEDIUM,Ord_4047
LOW,Ord_4048
LOW,Ord_4049
MEDIUM,Ord_4050
NOT SPECIFIED,Ord_4051
CRITICAL,Ord_4052
NOT SPECIFIED,Ord_4053
HIGH,Ord_4054
NOT SPECIFIED,Ord_4055
NOT SPECIFIED,Ord_4056
MEDIUM,Ord_4057
HIGH,Ord_4058
CRITICAL,Ord_4059
NOT SPECIFIED,Ord_4060
NOT SPECIFIED,Ord_4061
LOW,Ord_4062
LOW,Ord_4063
MEDIUM,Ord_4064
NOT SPECIFIED,Ord_4065
LOW,Ord_4066
HIGH,Ord_4067
LOW,Ord_4068
NOT SPECIFIED,Ord_4069
MEDIUM,Ord_4070
CRITICAL,Ord_4071
MEDIUM,Ord_4072
HIGH,Ord_4073
HIGH,Ord_4074
NOT SPECIFIED,Ord_4075
HIGH,Ord_4076
LOW,Ord_4077
CRITICAL,Ord_4078
NOT SPECIFIED,Ord_4079
HIGH,Ord_4080
MEDIUM,Ord_4081
MEDIUM,Ord_4082
CRITICAL,Ord_4083
MEDIUM,Ord_4084
MEDIUM,Ord_4085
CRITICAL,Ord_4086
NOT SPECIFIED,Ord_4087
LOW,Ord_4088
MEDIUM,Ord_4089
NOT SPECIFIED,Ord_4090
MEDIUM,Ord_4091
LOW,Ord_4092
HIGH,Ord_4093
HIGH,Ord_4094
CRITICAL,Ord_4095
NOT SPECIFIED,Ord_4096
NOT SPECIFIED,Ord_4097
LOW,Ord_4098
HIGH,Ord_4099
MEDIUM,Ord_4100
MEDIUM,Ord_4101
HIGH,Ord_4102
CRITICAL,Ord_4103
MEDIUM,Ord_4104
NOT SPECIFIED,Ord_4105
HIGH,Ord_4106
HIGH,Ord_4107
CRITICAL,Ord_4108
NOT SPECIFIED,Ord_4109
CRITICAL,Ord_4110
MEDIUM,Ord_4111
LOW,Ord_4112
MEDIUM,Ord_4113
HIGH,Ord_4114
CRITICAL,Ord_4115
NOT SPECIFIED,Ord_4116
NOT SPECIFIED,Ord_4117
NOT SPECIFIED,Ord_4118
HIGH,Ord_4119
LOW,Ord_4120
CRITICAL,Ord_4121
CRITICAL,Ord_4122
MEDIUM,Ord_4123
LOW,Ord_4124
CRITICAL,Ord_4125
LOW,Ord_4126
CRITICAL,Ord_4127
HIGH,Ord_4128
MEDIUM,Ord_4129
MEDIUM,Ord_4130
HIGH,Ord_4131
HIGH,Ord_4132
MEDIUM,Ord_4133
HIGH,Ord_4134
MEDIUM,Ord_4135
MEDIUM,Ord_4136
MEDIUM,Ord_4137
LOW,Ord_4138
HIGH,Ord_4139
HIGH,Ord_4140
HIGH,Ord_4141
MEDIUM,Ord_4142
CRITICAL,Ord_4143
CRITICAL,Ord_4144
CRITICAL,Ord_4145
CRITICAL,Ord_4146
MEDIUM,Ord_4147
NOT SPECIFIED,Ord_4148
CRITICAL,Ord_4149
CRITICAL,Ord_4150
CRITICAL,Ord_4151
MEDIUM,Ord_4152
HIGH,Ord_4153
HIGH,Ord_4154
NOT SPECIFIED,Ord_4155
LOW,Ord_4156
NOT SPECIFIED,Ord_4157
CRITICAL,Ord_4158
CRITICAL,Ord_4159
MEDIUM,Ord_4160
MEDIUM,Ord_4161
LOW,Ord_4162
NOT SPECIFIED,Ord_4163
LOW,Ord_4164
LOW,Ord_4165
HIGH,Ord_4166
LOW,Ord_4167
MEDIUM,Ord_4168
MEDIUM,Ord_4169
CRITICAL,Ord_4170
MEDIUM,Ord_4171
LOW,Ord_4172
NOT SPECIFIED,Ord_4173
CRITICAL,Ord_4174
NOT SPECIFIED,Ord_4175
HIGH,Ord_4176
NOT SPECIFIED,Ord_4177
LOW,Ord_4178
LOW,Ord_4179
NOT SPECIFIED,Ord_4180
CRITICAL,Ord_4181
LOW,Ord_4182
CRITICAL,Ord_4183
NOT SPECIFIED,Ord_4184
HIGH,Ord_4185
CRITICAL,Ord_4186
MEDIUM,Ord_4187
LOW,Ord_4188
HIGH,Ord_4189
NOT SPECIFIED,Ord_4190
LOW,Ord_4191
NOT SPECIFIED,Ord_4192
LOW,Ord_4193
LOW,Ord_4194
NOT SPECIFIED,Ord_4195
MEDIUM,Ord_4196
HIGH,Ord_4197
LOW,Ord_4198
CRITICAL,Ord_4199
LOW,Ord_4200
LOW,Ord_4201
LOW,Ord_4202
NOT SPECIFIED,Ord_4203
NOT SPECIFIED,Ord_4204
MEDIUM,Ord_4205
NOT SPECIFIED,Ord_4206
MEDIUM,Ord_4207
HIGH,Ord_4208
MEDIUM,Ord_4209
MEDIUM,Ord_4210
MEDIUM,Ord_4211
NOT SPECIFIED,Ord_4212
HIGH,Ord_4213
LOW,Ord_4214
LOW,Ord_4215
MEDIUM,Ord_4216
HIGH,Ord_4217
HIGH,Ord_4218
HIGH,Ord_4219
HIGH,Ord_4220
HIGH,Ord_4221
LOW,Ord_4222
LOW,Ord_4223
NOT SPECIFIED,Ord_4224
LOW,Ord_4225
NOT SPECIFIED,Ord_4226
HIGH,Ord_4227
MEDIUM,Ord_4228
NOT SPECIFIED,Ord_4229
HIGH,Ord_4230
HIGH,Ord_4231
LOW,Ord_4232
CRITICAL,Ord_4233
MEDIUM,Ord_4234
NOT SPECIFIED,Ord_4235
CRITICAL,Ord_4236
MEDIUM,Ord_4237
CRITICAL,Ord_4238
MEDIUM,Ord_4239
CRITICAL,Ord_4240
CRITICAL,Ord_4241
LOW,Ord_4242
LOW,Ord_4243
LOW,Ord_4244
HIGH,Ord_4245
LOW,Ord_4246
MEDIUM,Ord_4247
CRITICAL,Ord_4248
NOT SPECIFIED,Ord_4249
HIGH,Ord_4250
HIGH,Ord_4251
LOW,Ord_4252
MEDIUM,Ord_4253
NOT SPECIFIED,Ord_4254
NOT SPECIFIED,Ord_4255
NOT SPECIFIED,Ord_4256
LOW,Ord_4257
HIGH,Ord_4258
NOT SPECIFIED,Ord_4259
CRITICAL,Ord_4260
CRITICAL,Ord_4261
MEDIUM,Ord_4262
CRITICAL,Ord_4263
MEDIUM,Ord_4264
HIGH,Ord_4265
LOW,Ord_4266
NOT SPECIFIED,Ord_4267
NOT SPECIFIED,Ord_4268
LOW,Ord_4269
CRITICAL,Ord_4270
LOW,Ord_4271
LOW,Ord_4272
MEDIUM,Ord_4273
CRITICAL,Ord_4274
MEDIUM,Ord_4275
NOT SPECIFIED,Ord_4276
CRITICAL,Ord_4277
HIGH,Ord_4278
HIGH,Ord_4279
NOT SPECIFIED,Ord_4280
LOW,Ord_4281
HIGH,Ord_4282
NOT SPECIFIED,Ord_4283
HIGH,Ord_4284
HIGH,Ord_4285
LOW,Ord_4286
NOT SPECIFIED,Ord_4287
HIGH,Ord_4288
MEDIUM,Ord_4289
CRITICAL,Ord_4290
HIGH,Ord_4291
LOW,Ord_4292
NOT SPECIFIED,Ord_4293
NOT SPECIFIED,Ord_4294
MEDIUM,Ord_4295
MEDIUM,Ord_4296
NOT SPECIFIED,Ord_4297
LOW,Ord_4298
HIGH,Ord_4299
LOW,Ord_4300
CRITICAL,Ord_4301
CRITICAL,Ord_4302
CRITICAL,Ord_4303
CRITICAL,Ord_4304
MEDIUM,Ord_4305
CRITICAL,Ord_4306
LOW,Ord_4307
NOT SPECIFIED,Ord_4308
HIGH,Ord_4309
LOW,Ord_4310
HIGH,Ord_4311
CRITICAL,Ord_4312
HIGH,Ord_4313
MEDIUM,Ord_4314
NOT SPECIFIED,Ord_4315
HIGH,Ord_4316
NOT SPECIFIED,Ord_4317
CRITICAL,Ord_4318
LOW,Ord_4319
LOW,Ord_4320
CRITICAL,Ord_4321
MEDIUM,Ord_4322
CRITICAL,Ord_4323
LOW,Ord_4324
MEDIUM,Ord_4325
LOW,Ord_4326
LOW,Ord_4327
CRITICAL,Ord_4328
NOT SPECIFIED,Ord_4329
MEDIUM,Ord_4330
LOW,Ord_4331
MEDIUM,Ord_4332
NOT SPECIFIED,Ord_4333
HIGH,Ord_4334
LOW,Ord_4335
MEDIUM,Ord_4336
MEDIUM,Ord_4337
LOW,Ord_4338
HIGH,Ord_4339
MEDIUM,Ord_4340
MEDIUM,Ord_4341
NOT SPECIFIED,Ord_4342
NOT SPECIFIED,Ord_4343
HIGH,Ord_4344
CRITICAL,Ord_4345
LOW,Ord_4346
LOW,Ord_4347
NOT SPECIFIED,Ord_4348
HIGH,Ord_4349
LOW,Ord_4350
MEDIUM,Ord_4351
NOT SPECIFIED,Ord_4352
CRITICAL,Ord_4353
HIGH,Ord_4354
MEDIUM,Ord_4355
MEDIUM,Ord_4356
MEDIUM,Ord_4357
LOW,Ord_4358
LOW,Ord_4359
LOW,Ord_4360
NOT SPECIFIED,Ord_4361
LOW,Ord_4362
MEDIUM,Ord_4363
LOW,Ord_4364
LOW,Ord_4365
NOT SPECIFIED,Ord_4366
CRITICAL,Ord_4367
CRITICAL,Ord_4368
CRITICAL,Ord_4369
NOT SPECIFIED,Ord_4370
NOT SPECIFIED,Ord_4371
HIGH,Ord_4372
CRITICAL,Ord_4373
HIGH,Ord_4374
MEDIUM,Ord_4375
CRITICAL,Ord_4376
NOT SPECIFIED,Ord_4377
NOT SPECIFIED,Ord_4378
LOW,Ord_4379
LOW,Ord_4380
NOT SPECIFIED,Ord_4381
MEDIUM,Ord_4382
LOW,Ord_4383
MEDIUM,Ord_4384
CRITICAL,Ord_4385
LOW,Ord_4386
HIGH,Ord_4387
LOW,Ord_4388
CRITICAL,Ord_4389
CRITICAL,Ord_4390
LOW,Ord_4391
NOT SPECIFIED,Ord_4392
MEDIUM,Ord_4393
HIGH,Ord_4394
MEDIUM,Ord_4395
CRITICAL,Ord_4396
NOT SPECIFIED,Ord_4397
LOW,Ord_4398
LOW,Ord_4399
HIGH,Ord_4400
MEDIUM,Ord_4401
HIGH,Ord_4402
CRITICAL,Ord_4403
HIGH,Ord_4404
LOW,Ord_4405
LOW,Ord_4406
LOW,Ord_4407
MEDIUM,Ord_4408
HIGH,Ord_4409
HIGH,Ord_4410
NOT SPECIFIED,Ord_4411
MEDIUM,Ord_4412
MEDIUM,Ord_4413
LOW,Ord_4414
CRITICAL,Ord_4415
NOT SPECIFIED,Ord_4416
LOW,Ord_4417
MEDIUM,Ord_4418
LOW,Ord_4419
MEDIUM,Ord_4420
LOW,Ord_4421
LOW,Ord_4422
HIGH,Ord_4423
NOT SPECIFIED,Ord_4424
CRITICAL,Ord_4425
LOW,Ord_4426
LOW,Ord_4427
MEDIUM,Ord_4428
HIGH,Ord_4429
LOW,Ord_4430
MEDIUM,Ord_4431
MEDIUM,Ord_4432
LOW,Ord_4433
CRITICAL,Ord_4434
NOT SPECIFIED,Ord_4435
CRITICAL,Ord_4436
NOT SPECIFIED,Ord_4437
HIGH,Ord_4438
MEDIUM,Ord_4439
LOW,Ord_4440
HIGH,Ord_4441
LOW,Ord_4442
CRITICAL,Ord_4443
LOW,Ord_4444
HIGH,Ord_4445
MEDIUM,Ord_4446
NOT SPECIFIED,Ord_4447
MEDIUM,Ord_4448
HIGH,Ord_4449
HIGH,Ord_4450
MEDIUM,Ord_4451
CRITICAL,Ord_4452
NOT SPECIFIED,Ord_4453
LOW,Ord_4454
CRITICAL,Ord_4455
LOW,Ord_4456
HIGH,Ord_4457
NOT SPECIFIED,Ord_4458
CRITICAL,Ord_4459
NOT SPECIFIED,Ord_4460
LOW,Ord_4461
NOT SPECIFIED,Ord_4462
LOW,Ord_4463
MEDIUM,Ord_4464
LOW,Ord_4465
NOT SPECIFIED,Ord_4466
HIGH,Ord_4467
LOW,Ord_4468
CRITICAL,Ord_4469
NOT SPECIFIED,Ord_4470
NOT SPECIFIED,Ord_4471
CRITICAL,Ord_4472
LOW,Ord_4473
HIGH,Ord_4474
NOT SPECIFIED,Ord_4475
HIGH,Ord_4476
HIGH,Ord_4477
NOT SPECIFIED,Ord_4478
NOT SPECIFIED,Ord_4479
CRITICAL,Ord_4480
LOW,Ord_4481
NOT SPECIFIED,Ord_4482
NOT SPECIFIED,Ord_4483
LOW,Ord_4484
HIGH,Ord_4485
CRITICAL,Ord_4486
CRITICAL,Ord_4487
MEDIUM,Ord_4488
LOW,Ord_4489
NOT SPECIFIED,Ord_4490
LOW,Ord_4491
LOW,Ord_4492
NOT SPECIFIED,Ord_4493
HIGH,Ord_4494
LOW,Ord_4495
HIGH,Ord_4496
HIGH,Ord_4497
LOW,Ord_4498
HIGH,Ord_4499
HIGH,Ord_4500
HIGH,Ord_4501
HIGH,Ord_4502
NOT SPECIFIED,Ord_4503
NOT SPECIFIED,Ord_4504
CRITICAL,Ord_4505
CRITICAL,Ord_4506
NOT SPECIFIED,Ord_4507
NOT SPECIFIED,Ord_4508
LOW,Ord_4509
LOW,Ord_4510
LOW,Ord_4511
CRITICAL,Ord_4512
CRITICAL,Ord_4513
HIGH,Ord_4514
MEDIUM,Ord_4515
HIGH,Ord_4516
MEDIUM,Ord_4517
MEDIUM,Ord_4518
LOW,Ord_4519
HIGH,Ord_4520
CRITICAL,Ord_4521
HIGH,Ord_4522
CRITICAL,Ord_4523
MEDIUM,Ord_4524
NOT SPECIFIED,Ord_4525
NOT SPECIFIED,Ord_4526
NOT SPECIFIED,Ord_4527
HIGH,Ord_4528
MEDIUM,Ord_4529
CRITICAL,Ord_4530
CRITICAL,Ord_4531
CRITICAL,Ord_4532
NOT SPECIFIED,Ord_4533
LOW,Ord_4534
MEDIUM,Ord_4535
LOW,Ord_4536
NOT SPECIFIED,Ord_4537
MEDIUM,Ord_4538
LOW,Ord_4539
CRITICAL,Ord_4540
CRITICAL,Ord_4541
MEDIUM,Ord_4542
LOW,Ord_4543
HIGH,Ord_4544
NOT SPECIFIED,Ord_4545
CRITICAL,Ord_4546
HIGH,Ord_4547
LOW,Ord_4548
NOT SPECIFIED,Ord_4549
MEDIUM,Ord_4550
HIGH,Ord_4551
HIGH,Ord_4552
NOT SPECIFIED,Ord_4553
NOT SPECIFIED,Ord_4554
NOT SPECIFIED,Ord_4555
CRITICAL,Ord_4556
LOW,Ord_4557
LOW,Ord_4558
NOT SPECIFIED,Ord_4559
HIGH,Ord_4560
NOT SPECIFIED,Ord_4561
LOW,Ord_4562
MEDIUM,Ord_4563
NOT SPECIFIED,Ord_4564
LOW,Ord_4565
NOT SPECIFIED,Ord_4566
NOT SPECIFIED,Ord_4567
LOW,Ord_4568
MEDIUM,Ord_4569
CRITICAL,Ord_4570
NOT SPECIFIED,Ord_4571
NOT SPECIFIED,Ord_4572
CRITICAL,Ord_4573
HIGH,Ord_4574
CRITICAL,Ord_4575
HIGH,Ord_4576
MEDIUM,Ord_4577
NOT SPECIFIED,Ord_4578
NOT SPECIFIED,Ord_4579
NOT SPECIFIED,Ord_4580
CRITICAL,Ord_4581
LOW,Ord_4582
HIGH,Ord_4583
CRITICAL,Ord_4584
LOW,Ord_4585
NOT SPECIFIED,Ord_4586
MEDIUM,Ord_4587
CRITICAL,Ord_4588
LOW,Ord_4589
NOT SPECIFIED,Ord_4590
HIGH,Ord_4591
NOT SPECIFIED,Ord_4592
CRITICAL,Ord_4593
HIGH,Ord_4594
MEDIUM,Ord_4595
CRITICAL,Ord_4596
MEDIUM,Ord_4597
HIGH,Ord_4598
MEDIUM,Ord_4599
MEDIUM,Ord_4600
CRITICAL,Ord_4601
NOT SPECIFIED,Ord_4602
MEDIUM,Ord_4603
HIGH,Ord_4604
CRITICAL,Ord_4605
LOW,Ord_4606
MEDIUM,Ord_4607
LOW,Ord_4608
CRITICAL,Ord_4609
LOW,Ord_4610
NOT SPECIFIED,Ord_4611
CRITICAL,Ord_4612
MEDIUM,Ord_4613
LOW,Ord_4614
NOT SPECIFIED,Ord_4615
CRITICAL,Ord_4616
MEDIUM,Ord_4617
HIGH,Ord_4618
LOW,Ord_4619
HIGH,Ord_4620
HIGH,Ord_4621
NOT SPECIFIED,Ord_4622
LOW,Ord_4623
NOT SPECIFIED,Ord_4624
HIGH,Ord_4625
NOT SPECIFIED,Ord_4626
MEDIUM,Ord_4627
MEDIUM,Ord_4628
NOT SPECIFIED,Ord_4629
MEDIUM,Ord_4630
CRITICAL,Ord_4631
MEDIUM,Ord_4632
HIGH,Ord_4633
NOT SPECIFIED,Ord_4634
NOT SPECIFIED,Ord_4635
NOT SPECIFIED,Ord_4636
HIGH,Ord_4637
LOW,Ord_4638
MEDIUM,Ord_4639
HIGH,Ord_4640
LOW,Ord_4641
MEDIUM,Ord_4642
HIGH,Ord_4643
HIGH,Ord_4644
LOW,Ord_4645
LOW,Ord_4646
CRITICAL,Ord_4647
LOW,Ord_4648
NOT SPECIFIED,Ord_4649
NOT SPECIFIED,Ord_4650
MEDIUM,Ord_4651
MEDIUM,Ord_4652
NOT SPECIFIED,Ord_4653
MEDIUM,Ord_4654
NOT SPECIFIED,Ord_4655
NOT SPECIFIED,Ord_4656
CRITICAL,Ord_4657
HIGH,Ord_4658
LOW,Ord_4659
NOT SPECIFIED,Ord_4660
HIGH,Ord_4661
MEDIUM,Ord_4662
LOW,Ord_4663
MEDIUM,Ord_4664
NOT SPECIFIED,Ord_4665
LOW,Ord_4666
LOW,Ord_4667
HIGH,Ord_4668
NOT SPECIFIED,Ord_4669
MEDIUM,Ord_4670
MEDIUM,Ord_4671
HIGH,Ord_4672
MEDIUM,Ord_4673
CRITICAL,Ord_4674
HIGH,Ord_4675
HIGH,Ord_4676
HIGH,Ord_4677
NOT SPECIFIED,Ord_4678
LOW,Ord_4679
MEDIUM,Ord_4680
CRITICAL,Ord_4681
NOT SPECIFIED,Ord_4682
CRITICAL,Ord_4683
HIGH,Ord_4684
MEDIUM,Ord_4685
CRITICAL,Ord_4686
LOW,Ord_4687
MEDIUM,Ord_4688
CRITICAL,Ord_4689
CRITICAL,Ord_4690
LOW,Ord_4691
CRITICAL,Ord_4692
MEDIUM,Ord_4693
MEDIUM,Ord_4694
MEDIUM,Ord_4695
NOT SPECIFIED,Ord_4696
HIGH,Ord_4697
HIGH,Ord_4698
NOT SPECIFIED,Ord_4699
LOW,Ord_4700
CRITICAL,Ord_4701
MEDIUM,Ord_4702
HIGH,Ord_4703
HIGH,Ord_4704
MEDIUM,Ord_4705
MEDIUM,Ord_4706
MEDIUM,Ord_4707
MEDIUM,Ord_4708
MEDIUM,Ord_4709
CRITICAL,Ord_4710
LOW,Ord_4711
HIGH,Ord_4712
MEDIUM,Ord_4713
CRITICAL,Ord_4714
CRITICAL,Ord_4715
NOT SPECIFIED,Ord_4716
MEDIUM,Ord_4717
NOT SPECIFIED,Ord_4718
LOW,Ord_4719
LOW,Ord_4720
CRITICAL,Ord_4721
NOT SPECIFIED,Ord_4722
CRITICAL,Ord_4723
NOT SPECIFIED,Ord_4724
CRITICAL,Ord_4725
CRITICAL,Ord_4726
CRITICAL,Ord_4727
HIGH,Ord_4728
CRITICAL,Ord_4729
LOW,Ord_4730
HIGH,Ord_4731
MEDIUM,Ord_4732
CRITICAL,Ord_4733
LOW,Ord_4734
CRITICAL,Ord_4735
MEDIUM,Ord_4736
CRITICAL,Ord_4737
HIGH,Ord_4738
MEDIUM,Ord_4739
CRITICAL,Ord_4740
MEDIUM,Ord_4741
CRITICAL,Ord_4742
HIGH,Ord_4743
MEDIUM,Ord_4744
NOT SPECIFIED,Ord_4745
LOW,Ord_4746
NOT SPECIFIED,Ord_4747
HIGH,Ord_4748
HIGH,Ord_4749
HIGH,Ord_4750
HIGH,Ord_4751
CRITICAL,Ord_4752
LOW,Ord_4753
LOW,Ord_4754
HIGH,Ord_4755
NOT SPECIFIED,Ord_4756
CRITICAL,Ord_4757
NOT SPECIFIED,Ord_4758
LOW,Ord_4759
LOW,Ord_4760
HIGH,Ord_4761
LOW,Ord_4762
MEDIUM,Ord_4763
CRITICAL,Ord_4764
LOW,Ord_4765
HIGH,Ord_4766
LOW,Ord_4767
NOT SPECIFIED,Ord_4768
NOT SPECIFIED,Ord_4769
CRITICAL,Ord_4770
NOT SPECIFIED,Ord_4771
HIGH,Ord_4772
CRITICAL,Ord_4773
CRITICAL,Ord_4774
HIGH,Ord_4775
HIGH,Ord_4776
CRITICAL,Ord_4777
NOT SPECIFIED,Ord_4778
NOT SPECIFIED,Ord_4779
CRITICAL,Ord_4780
LOW,Ord_4781
CRITICAL,Ord_4782
HIGH,Ord_4783
MEDIUM,Ord_4784
LOW,Ord_4785
NOT SPECIFIED,Ord_4786
HIGH,Ord_4787
MEDIUM,Ord_4788
MEDIUM,Ord_4789
CRITICAL,Ord_4790
LOW,Ord_4791
HIGH,Ord_4792
LOW,Ord_4793
MEDIUM,Ord_4794
NOT SPECIFIED,Ord_4795
CRITICAL,Ord_4796
CRITICAL,Ord_4797
MEDIUM,Ord_4798
NOT SPECIFIED,Ord_4799
CRITICAL,Ord_4800
NOT SPECIFIED,Ord_4801
NOT SPECIFIED,Ord_4802
HIGH,Ord_4803
NOT SPECIFIED,Ord_4804
CRITICAL,Ord_4805
LOW,Ord_4806
HIGH,Ord_4807
LOW,Ord_4808
LOW,Ord_4809
MEDIUM,Ord_4810
CRITICAL,Ord_4811
MEDIUM,Ord_4812
HIGH,Ord_4813
HIGH,Ord_4814
CRITICAL,Ord_4815
HIGH,Ord_4816
HIGH,Ord_4817
CRITICAL,Ord_4818
HIGH,Ord_4819
NOT SPECIFIED,Ord_4820
MEDIUM,Ord_4821
MEDIUM,Ord_4822
MEDIUM,Ord_4823
MEDIUM,Ord_4824
HIGH,Ord_4825
MEDIUM,Ord_4826
HIGH,Ord_4827
MEDIUM,Ord_4828
HIGH,Ord_4829
HIGH,Ord_4830
NOT SPECIFIED,Ord_4831
CRITICAL,Ord_4832
MEDIUM,Ord_4833
NOT SPECIFIED,Ord_4834
CRITICAL,Ord_4835
HIGH,Ord_4836
MEDIUM,Ord_4837
CRITICAL,Ord_4838
HIGH,Ord_4839
HIGH,Ord_4840
NOT SPECIFIED,Ord_4841
HIGH,Ord_4842
NOT SPECIFIED,Ord_4843
NOT SPECIFIED,Ord_4844
HIGH,Ord_4845
MEDIUM,Ord_4846
NOT SPECIFIED,Ord_4847
CRITICAL,Ord_4848
HIGH,Ord_4849
HIGH,Ord_4850
LOW,Ord_4851
MEDIUM,Ord_4852
HIGH,Ord_4853
MEDIUM,Ord_4854
NOT SPECIFIED,Ord_4855
MEDIUM,Ord_4856
NOT SPECIFIED,Ord_4857
HIGH,Ord_4858
LOW,Ord_4859
HIGH,Ord_4860
NOT SPECIFIED,Ord_4861
LOW,Ord_4862
MEDIUM,Ord_4863
HIGH,Ord_4864
MEDIUM,Ord_4865
NOT SPECIFIED,Ord_4866
CRITICAL,Ord_4867
HIGH,Ord_4868
HIGH,Ord_4869
CRITICAL,Ord_4870
HIGH,Ord_4871
HIGH,Ord_4872
LOW,Ord_4873
MEDIUM,Ord_4874
MEDIUM,Ord_4875
CRITICAL,Ord_4876
HIGH,Ord_4877
LOW,Ord_4878
MEDIUM,Ord_4879
MEDIUM,Ord_4880
NOT SPECIFIED,Ord_4881
MEDIUM,Ord_4882
NOT SPECIFIED,Ord_4883
NOT SPECIFIED,Ord_4884
LOW,Ord_4885
CRITICAL,Ord_4886
LOW,Ord_4887
MEDIUM,Ord_4888
NOT SPECIFIED,Ord_4889
CRITICAL,Ord_4890
LOW,Ord_4891
HIGH,Ord_4892
HIGH,Ord_4893
CRITICAL,Ord_4894
LOW,Ord_4895
CRITICAL,Ord_4896
LOW,Ord_4897
LOW,Ord_4898
HIGH,Ord_4899
NOT SPECIFIED,Ord_4900
NOT SPECIFIED,Ord_4901
LOW,Ord_4902
HIGH,Ord_4903
CRITICAL,Ord_4904
HIGH,Ord_4905
HIGH,Ord_4906
LOW,Ord_4907
CRITICAL,Ord_4908
HIGH,Ord_4909
MEDIUM,Ord_4910
HIGH,Ord_4911
MEDIUM,Ord_4912
MEDIUM,Ord_4913
HIGH,Ord_4914
NOT SPECIFIED,Ord_4915
NOT SPECIFIED,Ord_4916
LOW,Ord_4917
LOW,Ord_4918
NOT SPECIFIED,Ord_4919
NOT SPECIFIED,Ord_4920
NOT SPECIFIED,Ord_4921
MEDIUM,Ord_4922
LOW,Ord_4923
CRITICAL,Ord_4924
LOW,Ord_4925
MEDIUM,Ord_4926
HIGH,Ord_4927
LOW,Ord_4928
HIGH,Ord_4929
MEDIUM,Ord_4930
CRITICAL,Ord_4931
HIGH,Ord_4932
MEDIUM,Ord_4933
NOT SPECIFIED,Ord_4934
LOW,Ord_4935
HIGH,Ord_4936
NOT SPECIFIED,Ord_4937
MEDIUM,Ord_4938
CRITICAL,Ord_4939
HIGH,Ord_4940
HIGH,Ord_4941
CRITICAL,Ord_4942
HIGH,Ord_4943
MEDIUM,Ord_4944
NOT SPECIFIED,Ord_4945
HIGH,Ord_4946
LOW,Ord_4947
CRITICAL,Ord_4948
HIGH,Ord_4949
HIGH,Ord_4950
NOT SPECIFIED,Ord_4951
LOW,Ord_4952
HIGH,Ord_4953
MEDIUM,Ord_4954
MEDIUM,Ord_4955
HIGH,Ord_4956
HIGH,Ord_4957
MEDIUM,Ord_4958
NOT SPECIFIED,Ord_4959
HIGH,Ord_4960
MEDIUM,Ord_4961
HIGH,Ord_4962
NOT SPECIFIED,Ord_4963
LOW,Ord_4964
MEDIUM,Ord_4965
NOT SPECIFIED,Ord_4966
MEDIUM,Ord_4967
NOT SPECIFIED,Ord_4968
HIGH,Ord_4969
CRITICAL,Ord_4970
HIGH,Ord_4971
NOT SPECIFIED,Ord_4972
MEDIUM,Ord_4973
NOT SPECIFIED,Ord_4974
HIGH,Ord_4975
NOT SPECIFIED,Ord_4976
CRITICAL,Ord_4977
CRITICAL,Ord_4978
LOW,Ord_4979
NOT SPECIFIED,Ord_4980
LOW,Ord_4981
NOT SPECIFIED,Ord_4982
CRITICAL,Ord_4983
LOW,Ord_4984
LOW,Ord_4985
HIGH,Ord_4986
CRITICAL,Ord_4987
NOT SPECIFIED,Ord_4988
NOT SPECIFIED,Ord_4989
NOT SPECIFIED,Ord_4990
CRITICAL,Ord_4991
LOW,Ord_4992
CRITICAL,Ord_4993
HIGH,Ord_4994
NOT SPECIFIED,Ord_4995
CRITICAL,Ord_4996
HIGH,Ord_4997
MEDIUM,Ord_4998
MEDIUM,Ord_4999
MEDIUM,Ord_5000
CRITICAL,Ord_5001
HIGH,Ord_5002
NOT SPECIFIED,Ord_5003
NOT SPECIFIED,Ord_5004
HIGH,Ord_5005
HIGH,Ord_5006
NOT SPECIFIED,Ord_5007
NOT SPECIFIED,Ord_5008
LOW,Ord_5009
MEDIUM,Ord_5010
MEDIUM,Ord_5011
HIGH,Ord_5012
LOW,Ord_5013
LOW,Ord_5014
MEDIUM,Ord_5015
CRITICAL,Ord_5016
LOW,Ord_5017
MEDIUM,Ord_5018
LOW,Ord_5019
HIGH,Ord_5020
LOW,Ord_5021
LOW,Ord_5022
HIGH,Ord_5023
LOW,Ord_5024
CRITICAL,Ord_5025
HIGH,Ord_5026
LOW,Ord_5027
MEDIUM,Ord_5028
LOW,Ord_5029
LOW,Ord_5030
NOT SPECIFIED,Ord_5031
CRITICAL,Ord_5032
CRITICAL,Ord_5033
MEDIUM,Ord_5034
LOW,Ord_5035
CRITICAL,Ord_5036
CRITICAL,Ord_5037
MEDIUM,Ord_5038
LOW,Ord_5039
CRITICAL,Ord_5040
MEDIUM,Ord_5041
CRITICAL,Ord_5042
LOW,Ord_5043
NOT SPECIFIED,Ord_5044
HIGH,Ord_5045
NOT SPECIFIED,Ord_5046
MEDIUM,Ord_5047
MEDIUM,Ord_5048
MEDIUM,Ord_5049
NOT SPECIFIED,Ord_5050
CRITICAL,Ord_5051
LOW,Ord_5052
HIGH,Ord_5053
MEDIUM,Ord_5054
HIGH,Ord_5055
NOT SPECIFIED,Ord_5056
MEDIUM,Ord_5057
CRITICAL,Ord_5058
MEDIUM,Ord_5059
HIGH,Ord_5060
CRITICAL,Ord_5061
CRITICAL,Ord_5062
HIGH,Ord_5063
LOW,Ord_5064
MEDIUM,Ord_5065
CRITICAL,Ord_5066
NOT SPECIFIED,Ord_5067
NOT SPECIFIED,Ord_5068
NOT SPECIFIED,Ord_5069
HIGH,Ord_5070
NOT SPECIFIED,Ord_5071
LOW,Ord_5072
CRITICAL,Ord_5073
LOW,Ord_5074
LOW,Ord_5075
LOW,Ord_5076
HIGH,Ord_5077
HIGH,Ord_5078
HIGH,Ord_5079
LOW,Ord_5080
NOT SPECIFIED,Ord_5081
NOT SPECIFIED,Ord_5082
LOW,Ord_5083
LOW,Ord_5084
LOW,Ord_5085
NOT SPECIFIED,Ord_5086
CRITICAL,Ord_5087
NOT SPECIFIED,Ord_5088
HIGH,Ord_5089
CRITICAL,Ord_5090
CRITICAL,Ord_5091
CRITICAL,Ord_5092
CRITICAL,Ord_5093
HIGH,Ord_5094
NOT SPECIFIED,Ord_5095
HIGH,Ord_5096
CRITICAL,Ord_5097
HIGH,Ord_5098
NOT SPECIFIED,Ord_5099
NOT SPECIFIED,Ord_5100
CRITICAL,Ord_5101
LOW,Ord_5102
HIGH,Ord_5103
CRITICAL,Ord_5104
MEDIUM,Ord_5105
LOW,Ord_5106
MEDIUM,Ord_5107
HIGH,Ord_5108
MEDIUM,Ord_5109
MEDIUM,Ord_5110
CRITICAL,Ord_5111
LOW,Ord_5112
CRITICAL,Ord_5113
MEDIUM,Ord_5114
NOT SPECIFIED,Ord_5115
CRITICAL,Ord_5116
MEDIUM,Ord_5117
NOT SPECIFIED,Ord_5118
HIGH,Ord_5119
CRITICAL,Ord_5120
HIGH,Ord_5121
HIGH,Ord_5122
CRITICAL,Ord_5123
LOW,Ord_5124
HIGH,Ord_5125
CRITICAL,Ord_5126
CRITICAL,Ord_5127
HIGH,Ord_5128
LOW,Ord_5129
NOT SPECIFIED,Ord_5130
MEDIUM,Ord_5131
LOW,Ord_5132
CRITICAL,Ord_5133
CRITICAL,Ord_5134
MEDIUM,Ord_5135
LOW,Ord_5136
CRITICAL,Ord_5137
MEDIUM,Ord_5138
MEDIUM,Ord_5139
LOW,Ord_5140
CRITICAL,Ord_5141
CRITICAL,Ord_5142
MEDIUM,Ord_5143
MEDIUM,Ord_5144
CRITICAL,Ord_5145
NOT SPECIFIED,Ord_5146
HIGH,Ord_5147
LOW,Ord_5148
MEDIUM,Ord_5149
LOW,Ord_5150
HIGH,Ord_5151
LOW,Ord_5152
HIGH,Ord_5153
NOT SPECIFIED,Ord_5154
NOT SPECIFIED,Ord_5155
LOW,Ord_5156
LOW,Ord_5157
HIGH,Ord_5158
HIGH,Ord_5159
CRITICAL,Ord_5160
MEDIUM,Ord_5161
LOW,Ord_5162
CRITICAL,Ord_5163
CRITICAL,Ord_5164
HIGH,Ord_5165
LOW,Ord_5166
NOT SPECIFIED,Ord_5167
NOT SPECIFIED,Ord_5168
NOT SPECIFIED,Ord_5169
LOW,Ord_5170
HIGH,Ord_5171
LOW,Ord_5172
MEDIUM,Ord_5173
CRITICAL,Ord_5174
LOW,Ord_5175
CRITICAL,Ord_5176
CRITICAL,Ord_5177
CRITICAL,Ord_5178
MEDIUM,Ord_5179
LOW,Ord_5180
HIGH,Ord_5181
MEDIUM,Ord_5182
MEDIUM,Ord_5183
MEDIUM,Ord_5184
HIGH,Ord_5185
LOW,Ord_5186
NOT SPECIFIED,Ord_5187
HIGH,Ord_5188
NOT SPECIFIED,Ord_5189
MEDIUM,Ord_5190
MEDIUM,Ord_5191
MEDIUM,Ord_5192
NOT SPECIFIED,Ord_5193
NOT SPECIFIED,Ord_5194
MEDIUM,Ord_5195
NOT SPECIFIED,Ord_5196
LOW,Ord_5197
LOW,Ord_5198
LOW,Ord_5199
MEDIUM,Ord_5200
CRITICAL,Ord_5201
LOW,Ord_5202
HIGH,Ord_5203
MEDIUM,Ord_5204
MEDIUM,Ord_5205
MEDIUM,Ord_5206
MEDIUM,Ord_5207
LOW,Ord_5208
LOW,Ord_5209
NOT SPECIFIED,Ord_5210
CRITICAL,Ord_5211
MEDIUM,Ord_5212
HIGH,Ord_5213
LOW,Ord_5214
HIGH,Ord_5215
NOT SPECIFIED,Ord_5216
LOW,Ord_5217
HIGH,Ord_5218
HIGH,Ord_5219
CRITICAL,Ord_5220
NOT SPECIFIED,Ord_5221
MEDIUM,Ord_5222
MEDIUM,Ord_5223
MEDIUM,Ord_5224
LOW,Ord_5225
CRITICAL,Ord_5226
LOW,Ord_5227
HIGH,Ord_5228
CRITICAL,Ord_5229
HIGH,Ord_5230
HIGH,Ord_5231
NOT SPECIFIED,Ord_5232
MEDIUM,Ord_5233
HIGH,Ord_5234
HIGH,Ord_5235
CRITICAL,Ord_5236
NOT SPECIFIED,Ord_5237
HIGH,Ord_5238
CRITICAL,Ord_5239
MEDIUM,Ord_5240
LOW,Ord_5241
NOT SPECIFIED,Ord_5242
HIGH,Ord_5243
NOT SPECIFIED,Ord_5244
LOW,Ord_5245
LOW,Ord_5246
MEDIUM,Ord_5247
LOW,Ord_5248
HIGH,Ord_5249
NOT SPECIFIED,Ord_5250
NOT SPECIFIED,Ord_5251
NOT SPECIFIED,Ord_5252
CRITICAL,Ord_5253
MEDIUM,Ord_5254
NOT SPECIFIED,Ord_5255
NOT SPECIFIED,Ord_5256
CRITICAL,Ord_5257
HIGH,Ord_5258
CRITICAL,Ord_5259
NOT SPECIFIED,Ord_5260
MEDIUM,Ord_5261
CRITICAL,Ord_5262
LOW,Ord_5263
HIGH,Ord_5264
HIGH,Ord_5265
LOW,Ord_5266
HIGH,Ord_5267
HIGH,Ord_5268
CRITICAL,Ord_5269
LOW,Ord_5270
NOT SPECIFIED,Ord_5271
LOW,Ord_5272
HIGH,Ord_5273
LOW,Ord_5274
HIGH,Ord_5275
LOW,Ord_5276
MEDIUM,Ord_5277
LOW,Ord_5278
MEDIUM,Ord_5279
HIGH,Ord_5280
NOT SPECIFIED,Ord_5281
MEDIUM,Ord_5282
LOW,Ord_5283
HIGH,Ord_5284
HIGH,Ord_5285
LOW,Ord_5286
HIGH,Ord_5287
CRITICAL,Ord_5288
CRITICAL,Ord_5289
NOT SPECIFIED,Ord_5290
NOT SPECIFIED,Ord_5291
MEDIUM,Ord_5292
HIGH,Ord_5293
HIGH,Ord_5294
MEDIUM,Ord_5295
CRITICAL,Ord_5296
HIGH,Ord_5297
NOT SPECIFIED,Ord_5298
CRITICAL,Ord_5299
NOT SPECIFIED,Ord_5300
CRITICAL,Ord_5301
NOT SPECIFIED,Ord_5302
MEDIUM,Ord_5303
MEDIUM,Ord_5304
LOW,Ord_5305
HIGH,Ord_5306
HIGH,Ord_5307
HIGH,Ord_5308
LOW,Ord_5309
HIGH,Ord_5310
HIGH,Ord_5311
MEDIUM,Ord_5312
CRITICAL,Ord_5313
NOT SPECIFIED,Ord_5314
HIGH,Ord_5315
MEDIUM,Ord_5316
NOT SPECIFIED,Ord_5317
LOW,Ord_5318
CRITICAL,Ord_5319
MEDIUM,Ord_5320
MEDIUM,Ord_5321
LOW,Ord_5322
NOT SPECIFIED,Ord_5323
LOW,Ord_5324
CRITICAL,Ord_5325
MEDIUM,Ord_5326
HIGH,Ord_5327
LOW,Ord_5328
LOW,Ord_5329
HIGH,Ord_5330
MEDIUM,Ord_5331
LOW,Ord_5332
HIGH,Ord_5333
NOT SPECIFIED,Ord_5334
MEDIUM,Ord_5335
LOW,Ord_5336
MEDIUM,Ord_5337
CRITICAL,Ord_5338
CRITICAL,Ord_5339
NOT SPECIFIED,Ord_5340
CRITICAL,Ord_5341
HIGH,Ord_5342
MEDIUM,Ord_5343
NOT SPECIFIED,Ord_5344
NOT SPECIFIED,Ord_5345
HIGH,Ord_5346
NOT SPECIFIED,Ord_5347
HIGH,Ord_5348
HIGH,Ord_5349
CRITICAL,Ord_5350
NOT SPECIFIED,Ord_5351
CRITICAL,Ord_5352
MEDIUM,Ord_5353
CRITICAL,Ord_5354
NOT SPECIFIED,Ord_5355
NOT SPECIFIED,Ord_5356
NOT SPECIFIED,Ord_5357
NOT SPECIFIED,Ord_5358
CRITICAL,Ord_5359
CRITICAL,Ord_5360
HIGH,Ord_5361
MEDIUM,Ord_5362
NOT SPECIFIED,Ord_5363
LOW,Ord_5364
CRITICAL,Ord_5365
MEDIUM,Ord_5366
CRITICAL,Ord_5367
LOW,Ord_5368
CRITICAL,Ord_5369
LOW,Ord_5370
CRITICAL,Ord_5371
NOT SPECIFIED,Ord_5372
LOW,Ord_5373
CRITICAL,Ord_5374
CRITICAL,Ord_5375
LOW,Ord_5376
LOW,Ord_5377
NOT SPECIFIED,Ord_5378
CRITICAL,Ord_5379
NOT SPECIFIED,Ord_5380
HIGH,Ord_5381
MEDIUM,Ord_5382
MEDIUM,Ord_5383
CRITICAL,Ord_5384
NOT SPECIFIED,Ord_5385
HIGH,Ord_5386
LOW,Ord_5387
CRITICAL,Ord_5388
HIGH,Ord_5389
LOW,Ord_5390
NOT SPECIFIED,Ord_5391
LOW,Ord_5392
HIGH,Ord_5393
CRITICAL,Ord_5394
NOT SPECIFIED,Ord_5395
HIGH,Ord_5396
MEDIUM,Ord_5397
NOT SPECIFIED,Ord_5398
CRITICAL,Ord_5399
HIGH,Ord_5400
MEDIUM,Ord_5401
NOT SPECIFIED,Ord_5402
NOT SPECIFIED,Ord_5403
NOT SPECIFIED,Ord_5404
NOT SPECIFIED,Ord_5405
HIGH,Ord_5406
MEDIUM,Ord_5407
NOT SPECIFIED,Ord_5408
NOT SPECIFIED,Ord_5409
CRITICAL,Ord_5410
LOW,Ord_5411
CRITICAL,Ord_5412
LOW,Ord_5413
MEDIUM,Ord_5414
CRITICAL,Ord_5415
MEDIUM,Ord_5416
LOW,Ord_5417
LOW,Ord_5418
MEDIUM,Ord_5419
LOW,Ord_5420
MEDIUM,Ord_5421
LOW,Ord_5422
CRITICAL,Ord_5423
MEDIUM,Ord_5424
HIGH,Ord_5425
CRITICAL,Ord_5426
MEDIUM,Ord_5427
MEDIUM,Ord_5428
LOW,Ord_5429
NOT SPECIFIED,Ord_5430
LOW,Ord_5431
NOT SPECIFIED,Ord_5432
CRITICAL,Ord_5433
CRITICAL,Ord_5434
NOT SPECIFIED,Ord_5435
CRITICAL,Ord_5436
MEDIUM,Ord_5437
HIGH,Ord_5438
LOW,Ord_5439
HIGH,Ord_5440
HIGH,Ord_5441
HIGH,Ord_5442
NOT SPECIFIED,Ord_5443
MEDIUM,Ord_5444
HIGH,Ord_5445
NOT SPECIFIED,Ord_5446
CRITICAL,Ord_5447
NOT SPECIFIED,Ord_5448
MEDIUM,Ord_5449
MEDIUM,Ord_5450
LOW,Ord_5451
LOW,Ord_5452
CRITICAL,Ord_5453
HIGH,Ord_5454
LOW,Ord_5455
MEDIUM,Ord_5456
CRITICAL,Ord_5457
MEDIUM,Ord_5458
MEDIUM,Ord_5459
LOW,Ord_5460
CRITICAL,Ord_5461
NOT SPECIFIED,Ord_5462
LOW,Ord_5463
LOW,Ord_5464
LOW,Ord_5465
NOT SPECIFIED,Ord_5466
NOT SPECIFIED,Ord_5467
CRITICAL,Ord_5468
LOW,Ord_5469
NOT SPECIFIED,Ord_5470
HIGH,Ord_5471
MEDIUM,Ord_5472
NOT SPECIFIED,Ord_5473
NOT SPECIFIED,Ord_5474
MEDIUM,Ord_5475
LOW,Ord_5476
LOW,Ord_5477
CRITICAL,Ord_5478
NOT SPECIFIED,Ord_5479
MEDIUM,Ord_5480
CRITICAL,Ord_5481
CRITICAL,Ord_5482
MEDIUM,Ord_5483
LOW,Ord_5484
LOW,Ord_5485
HIGH,Ord_5486
MEDIUM,Ord_5487
MEDIUM,Ord_5488
HIGH,Ord_5489
MEDIUM,Ord_5490
LOW,Ord_5491
HIGH,Ord_5492
HIGH,Ord_5493
MEDIUM,Ord_5494
CRITICAL,Ord_5495
MEDIUM,Ord_5496
HIGH,Ord_5497
LOW,Ord_5498
LOW,Ord_5499
MEDIUM,Ord_5500
MEDIUM,Ord_5501
NOT SPECIFIED,Ord_5502
LOW,Ord_5503
HIGH,Ord_5504
MEDIUM,Ord_5505
HIGH,Ord_5506